{"_id":"58b70f1c85f60f70f336b370","profile":{"_id":"586c306447d31f11fdda05cb","url":"nmnm","name":"Nové Město na Moravě","entity":"596230"},"year":"2017","budgetAmount":258378055.00000003,"expenditureAmount":17555046.420000006,"__v":0,"paragraphs":[{"id":"6409","expenditureAmount":455736.9,"budgetAmount":373000,"_id":"58b70f1c85f60f70f336b45b","events":[{"event":"360","expenditureAmount":14431.900000000001,"budgetAmount":70000,"_id":"58b70f1c85f60f70f336b461"},{"event":"246","expenditureAmount":24660,"budgetAmount":0,"_id":"58b70f1c85f60f70f336b460"},{"event":"124","expenditureAmount":231742,"budgetAmount":0,"_id":"58b70f1c85f60f70f336b45f"},{"event":"200","expenditureAmount":162144,"budgetAmount":303000,"_id":"58b70f1c85f60f70f336b45e"},{"event":"131","expenditureAmount":11320,"budgetAmount":0,"_id":"58b70f1c85f60f70f336b45d"},{"event":"0","expenditureAmount":11439,"budgetAmount":0,"_id":"58b70f1c85f60f70f336b45c"}]},{"id":"6171","expenditureAmount":1463676.5599999998,"budgetAmount":42454000,"_id":"58b70f1c85f60f70f336b451","events":[{"event":"208","expenditureAmount":730457.3499999999,"budgetAmount":3305000,"_id":"58b70f1c85f60f70f336b45a"},{"event":"124","expenditureAmount":911300.21,"budgetAmount":36903800,"_id":"58b70f1c85f60f70f336b459"},{"event":"0","expenditureAmount":-188723,"budgetAmount":0,"_id":"58b70f1c85f60f70f336b458"},{"event":"114","expenditureAmount":5242,"budgetAmount":0,"_id":"58b70f1c85f60f70f336b457"},{"event":"165","expenditureAmount":0,"budgetAmount":0,"_id":"58b70f1c85f60f70f336b456"},{"event":"131","expenditureAmount":5400,"budgetAmount":689800,"_id":"58b70f1c85f60f70f336b455"},{"event":"161","expenditureAmount":0,"budgetAmount":100000,"_id":"58b70f1c85f60f70f336b454"},{"event":"213","expenditureAmount":0,"budgetAmount":55000,"_id":"58b70f1c85f60f70f336b453"},{"event":"222","expenditureAmount":0,"budgetAmount":1400400,"_id":"58b70f1c85f60f70f336b452"}]},{"id":"3612","expenditureAmount":1025808.5399999998,"budgetAmount":38688300,"_id":"58b70f1c85f60f70f336b44c","events":[{"event":"126","expenditureAmount":699754.74,"budgetAmount":13099300,"_id":"58b70f1c85f60f70f336b450"},{"event":"392","expenditureAmount":246021.8,"budgetAmount":23938000,"_id":"58b70f1c85f60f70f336b44f"},{"event":"219","expenditureAmount":80032,"budgetAmount":1205000,"_id":"58b70f1c85f60f70f336b44e"},{"event":"134","expenditureAmount":0,"budgetAmount":446000,"_id":"58b70f1c85f60f70f336b44d"}]},{"id":"3613","expenditureAmount":654435.26,"budgetAmount":5772500,"_id":"58b70f1c85f60f70f336b445","events":[{"event":"299","expenditureAmount":517546.33,"budgetAmount":4408500,"_id":"58b70f1c85f60f70f336b44b"},{"event":"122","expenditureAmount":116888.93,"budgetAmount":934000,"_id":"58b70f1c85f60f70f336b44a"},{"event":"254","expenditureAmount":20000,"budgetAmount":20000,"_id":"58b70f1c85f60f70f336b449"},{"event":"313","expenditureAmount":0,"budgetAmount":250000,"_id":"58b70f1c85f60f70f336b448"},{"event":"119","expenditureAmount":0,"budgetAmount":70000,"_id":"58b70f1c85f60f70f336b447"},{"event":"164","expenditureAmount":0,"budgetAmount":90000,"_id":"58b70f1c85f60f70f336b446"}]},{"id":"5311","expenditureAmount":34564.14999999999,"budgetAmount":3714100,"_id":"58b70f1c85f60f70f336b442","events":[{"event":"123","expenditureAmount":34564.14999999999,"budgetAmount":3694100,"_id":"58b70f1c85f60f70f336b444"},{"event":"322","expenditureAmount":0,"budgetAmount":20000,"_id":"58b70f1c85f60f70f336b443"}]},{"id":"3639","expenditureAmount":54345.119999999995,"budgetAmount":5065800,"_id":"58b70f1c85f60f70f336b439","events":[{"event":"147","expenditureAmount":21731.989999999998,"budgetAmount":228800,"_id":"58b70f1c85f60f70f336b441"},{"event":"133","expenditureAmount":32613.13,"budgetAmount":333000,"_id":"58b70f1c85f60f70f336b440"},{"event":"127","expenditureAmount":0,"budgetAmount":920000,"_id":"58b70f1c85f60f70f336b43f"},{"event":"200","expenditureAmount":0,"budgetAmount":125000,"_id":"58b70f1c85f60f70f336b43e"},{"event":"267","expenditureAmount":0,"budgetAmount":1600000,"_id":"58b70f1c85f60f70f336b43d"},{"event":"301","expenditureAmount":0,"budgetAmount":200000,"_id":"58b70f1c85f60f70f336b43c"},{"event":"138","expenditureAmount":0,"budgetAmount":25000,"_id":"58b70f1c85f60f70f336b43b"},{"event":"319","expenditureAmount":0,"budgetAmount":1634000,"_id":"58b70f1c85f60f70f336b43a"}]},{"id":"3299","expenditureAmount":33150.14,"budgetAmount":1158200,"_id":"58b70f1c85f60f70f336b436","events":[{"event":"160","expenditureAmount":30898.140000000003,"budgetAmount":900000,"_id":"58b70f1c85f60f70f336b438"},{"event":"386","expenditureAmount":2252,"budgetAmount":258200,"_id":"58b70f1c85f60f70f336b437"}]},{"id":"3399","expenditureAmount":105979,"budgetAmount":417000,"_id":"58b70f1c85f60f70f336b433","events":[{"event":"119","expenditureAmount":35979,"budgetAmount":347000,"_id":"58b70f1c85f60f70f336b435"},{"event":"177","expenditureAmount":70000,"budgetAmount":70000,"_id":"58b70f1c85f60f70f336b434"}]},{"id":"3745","expenditureAmount":200813.13000000003,"budgetAmount":4885300,"_id":"58b70f1c85f60f70f336b42b","events":[{"event":"113","expenditureAmount":8620,"budgetAmount":143000,"_id":"58b70f1c85f60f70f336b432"},{"event":"121","expenditureAmount":2154,"budgetAmount":60000,"_id":"58b70f1c85f60f70f336b431"},{"event":"232","expenditureAmount":100039.13,"budgetAmount":852000,"_id":"58b70f1c85f60f70f336b430"},{"event":"311","expenditureAmount":90000,"budgetAmount":250000,"_id":"58b70f1c85f60f70f336b42f"},{"event":"230","expenditureAmount":0,"budgetAmount":2611300,"_id":"58b70f1c85f60f70f336b42e"},{"event":"231","expenditureAmount":0,"budgetAmount":879000,"_id":"58b70f1c85f60f70f336b42d"},{"event":"125","expenditureAmount":0,"budgetAmount":90000,"_id":"58b70f1c85f60f70f336b42c"}]},{"id":"3421","expenditureAmount":429220,"budgetAmount":10683000,"_id":"58b70f1c85f60f70f336b423","events":[{"event":"146","expenditureAmount":1420,"budgetAmount":1173000,"_id":"58b70f1c85f60f70f336b42a"},{"event":"151","expenditureAmount":140800,"budgetAmount":845000,"_id":"58b70f1c85f60f70f336b429"},{"event":"177","expenditureAmount":287000,"budgetAmount":287000,"_id":"58b70f1c85f60f70f336b428"},{"event":"395","expenditureAmount":0,"budgetAmount":500000,"_id":"58b70f1c85f60f70f336b427"},{"event":"149","expenditureAmount":0,"budgetAmount":7750000,"_id":"58b70f1c85f60f70f336b426"},{"event":"217","expenditureAmount":0,"budgetAmount":100000,"_id":"58b70f1c85f60f70f336b425"},{"event":"396","expenditureAmount":0,"budgetAmount":28000,"_id":"58b70f1c85f60f70f336b424"}]},{"id":"2310","expenditureAmount":1012000,"budgetAmount":1382000,"_id":"58b70f1c85f60f70f336b41f","events":[{"event":"100","expenditureAmount":1012000,"budgetAmount":1049000,"_id":"58b70f1c85f60f70f336b422"},{"event":"326","expenditureAmount":0,"budgetAmount":273000,"_id":"58b70f1c85f60f70f336b421"},{"event":"294","expenditureAmount":0,"budgetAmount":60000,"_id":"58b70f1c85f60f70f336b420"}]},{"id":"2219","expenditureAmount":341145,"budgetAmount":16445200,"_id":"58b70f1c85f60f70f336b40d","events":[{"event":"115","expenditureAmount":60000,"budgetAmount":250000,"_id":"58b70f1c85f60f70f336b41e"},{"event":"140","expenditureAmount":281145,"budgetAmount":1741000,"_id":"58b70f1c85f60f70f336b41d"},{"event":"135","expenditureAmount":0,"budgetAmount":829000,"_id":"58b70f1c85f60f70f336b41c"},{"event":"216","expenditureAmount":0,"budgetAmount":323200,"_id":"58b70f1c85f60f70f336b41b"},{"event":"321","expenditureAmount":0,"budgetAmount":500000,"_id":"58b70f1c85f60f70f336b41a"},{"event":"269","expenditureAmount":0,"budgetAmount":50000,"_id":"58b70f1c85f60f70f336b419"},{"event":"391","expenditureAmount":0,"budgetAmount":147000,"_id":"58b70f1c85f60f70f336b418"},{"event":"270","expenditureAmount":0,"budgetAmount":60000,"_id":"58b70f1c85f60f70f336b417"},{"event":"271","expenditureAmount":0,"budgetAmount":50000,"_id":"58b70f1c85f60f70f336b416"},{"event":"387","expenditureAmount":0,"budgetAmount":95000,"_id":"58b70f1c85f60f70f336b415"},{"event":"158","expenditureAmount":0,"budgetAmount":268000,"_id":"58b70f1c85f60f70f336b414"},{"event":"338","expenditureAmount":0,"budgetAmount":90000,"_id":"58b70f1c85f60f70f336b413"},{"event":"159","expenditureAmount":0,"budgetAmount":4600000,"_id":"58b70f1c85f60f70f336b412"},{"event":"348","expenditureAmount":0,"budgetAmount":100000,"_id":"58b70f1c85f60f70f336b411"},{"event":"263","expenditureAmount":0,"budgetAmount":130000,"_id":"58b70f1c85f60f70f336b410"},{"event":"308","expenditureAmount":0,"budgetAmount":2000000,"_id":"58b70f1c85f60f70f336b40f"},{"event":"344","expenditureAmount":0,"budgetAmount":5212000,"_id":"58b70f1c85f60f70f336b40e"}]},{"id":"6399","expenditureAmount":291838.50999999995,"budgetAmount":15892387,"_id":"58b70f1c85f60f70f336b40a","events":[{"event":"200","expenditureAmount":291838.50999999995,"budgetAmount":15790387,"_id":"58b70f1c85f60f70f336b40c"},{"event":"177","expenditureAmount":0,"budgetAmount":102000,"_id":"58b70f1c85f60f70f336b40b"}]},{"id":"5512","expenditureAmount":30040.08,"budgetAmount":2871600,"_id":"58b70f1c85f60f70f336b404","events":[{"event":"122","expenditureAmount":30040.08,"budgetAmount":2081600,"_id":"58b70f1c85f60f70f336b409"},{"event":"278","expenditureAmount":0,"budgetAmount":220000,"_id":"58b70f1c85f60f70f336b408"},{"event":"275","expenditureAmount":0,"budgetAmount":150000,"_id":"58b70f1c85f60f70f336b407"},{"event":"276","expenditureAmount":0,"budgetAmount":250000,"_id":"58b70f1c85f60f70f336b406"},{"event":"261","expenditureAmount":0,"budgetAmount":170000,"_id":"58b70f1c85f60f70f336b405"}]},{"id":"1036","expenditureAmount":245767,"budgetAmount":1938818,"_id":"58b70f1c85f60f70f336b401","events":[{"event":"144","expenditureAmount":245767,"budgetAmount":1625000,"_id":"58b70f1c85f60f70f336b403"},{"event":"194","expenditureAmount":0,"budgetAmount":313818,"_id":"58b70f1c85f60f70f336b402"}]},{"id":"3632","expenditureAmount":151448.56,"budgetAmount":730000,"_id":"58b70f1c85f60f70f336b3ff","events":[{"event":"137","expenditureAmount":151448.56,"budgetAmount":730000,"_id":"58b70f1c85f60f70f336b400"}]},{"id":"2141","expenditureAmount":1410,"budgetAmount":83000,"_id":"58b70f1c85f60f70f336b3fd","events":[{"event":"130","expenditureAmount":1410,"budgetAmount":83000,"_id":"58b70f1c85f60f70f336b3fe"}]},{"id":"3631","expenditureAmount":228852,"budgetAmount":2495000,"_id":"58b70f1c85f60f70f336b3fa","events":[{"event":"136","expenditureAmount":228852,"budgetAmount":2245000,"_id":"58b70f1c85f60f70f336b3fc"},{"event":"293","expenditureAmount":0,"budgetAmount":250000,"_id":"58b70f1c85f60f70f336b3fb"}]},{"id":"3635","expenditureAmount":2400,"budgetAmount":265000,"_id":"58b70f1c85f60f70f336b3f7","events":[{"event":"127","expenditureAmount":2400,"budgetAmount":6000,"_id":"58b70f1c85f60f70f336b3f9"},{"event":"363","expenditureAmount":0,"budgetAmount":259000,"_id":"58b70f1c85f60f70f336b3f8"}]},{"id":"3429","expenditureAmount":218520,"budgetAmount":367000,"_id":"58b70f1c85f60f70f336b3f4","events":[{"event":"223","expenditureAmount":520,"budgetAmount":67000,"_id":"58b70f1c85f60f70f336b3f6"},{"event":"177","expenditureAmount":218000,"budgetAmount":300000,"_id":"58b70f1c85f60f70f336b3f5"}]},{"id":"4356","expenditureAmount":381600,"budgetAmount":2289700,"_id":"58b70f1c85f60f70f336b3f2","events":[{"event":"118","expenditureAmount":381600,"budgetAmount":2289700,"_id":"58b70f1c85f60f70f336b3f3"}]},{"id":"3113","expenditureAmount":1744000,"budgetAmount":9957000,"_id":"58b70f1c85f60f70f336b3ec","events":[{"event":"106","expenditureAmount":690800,"budgetAmount":4145000,"_id":"58b70f1c85f60f70f336b3f1"},{"event":"107","expenditureAmount":1036200,"budgetAmount":4395000,"_id":"58b70f1c85f60f70f336b3f0"},{"event":"177","expenditureAmount":17000,"budgetAmount":17000,"_id":"58b70f1c85f60f70f336b3ef"},{"event":"274","expenditureAmount":0,"budgetAmount":1400000,"_id":"58b70f1c85f60f70f336b3ee"},{"event":"171","expenditureAmount":0,"budgetAmount":0,"_id":"58b70f1c85f60f70f336b3ed"}]},{"id":"3392","expenditureAmount":1771800,"budgetAmount":10877300,"_id":"58b70f1c85f60f70f336b3ea","events":[{"event":"120","expenditureAmount":1771800,"budgetAmount":10877300,"_id":"58b70f1c85f60f70f336b3eb"}]},{"id":"4351","expenditureAmount":1071500,"budgetAmount":6606500,"_id":"58b70f1c85f60f70f336b3e8","events":[{"event":"134","expenditureAmount":1071500,"budgetAmount":6606500,"_id":"58b70f1c85f60f70f336b3e9"}]},{"id":"3111","expenditureAmount":780400,"budgetAmount":5381750,"_id":"58b70f1c85f60f70f336b3e6","events":[{"event":"171","expenditureAmount":780400,"budgetAmount":5381750,"_id":"58b70f1c85f60f70f336b3e7"}]},{"id":"2212","expenditureAmount":566915,"budgetAmount":14108500,"_id":"58b70f1c85f60f70f336b3da","events":[{"event":"140","expenditureAmount":566915,"budgetAmount":2044000,"_id":"58b70f1c85f60f70f336b3e5"},{"event":"216","expenditureAmount":0,"budgetAmount":951500,"_id":"58b70f1c85f60f70f336b3e4"},{"event":"135","expenditureAmount":0,"budgetAmount":8171000,"_id":"58b70f1c85f60f70f336b3e3"},{"event":"241","expenditureAmount":0,"budgetAmount":1500000,"_id":"58b70f1c85f60f70f336b3e2"},{"event":"287","expenditureAmount":0,"budgetAmount":300000,"_id":"58b70f1c85f60f70f336b3e1"},{"event":"207","expenditureAmount":0,"budgetAmount":500000,"_id":"58b70f1c85f60f70f336b3e0"},{"event":"247","expenditureAmount":0,"budgetAmount":290000,"_id":"58b70f1c85f60f70f336b3df"},{"event":"307","expenditureAmount":0,"budgetAmount":100000,"_id":"58b70f1c85f60f70f336b3de"},{"event":"305","expenditureAmount":0,"budgetAmount":40000,"_id":"58b70f1c85f60f70f336b3dd"},{"event":"368","expenditureAmount":0,"budgetAmount":117000,"_id":"58b70f1c85f60f70f336b3dc"},{"event":"371","expenditureAmount":0,"budgetAmount":95000,"_id":"58b70f1c85f60f70f336b3db"}]},{"id":"3412","expenditureAmount":1528991,"budgetAmount":6502000,"_id":"58b70f1c85f60f70f336b3d4","events":[{"event":"181","expenditureAmount":1237500,"budgetAmount":4950000,"_id":"58b70f1c85f60f70f336b3d9"},{"event":"273","expenditureAmount":291491,"budgetAmount":400000,"_id":"58b70f1c85f60f70f336b3d8"},{"event":"227","expenditureAmount":0,"budgetAmount":602000,"_id":"58b70f1c85f60f70f336b3d7"},{"event":"209","expenditureAmount":0,"budgetAmount":200000,"_id":"58b70f1c85f60f70f336b3d6"},{"event":"233","expenditureAmount":0,"budgetAmount":350000,"_id":"58b70f1c85f60f70f336b3d5"}]},{"id":"6320","expenditureAmount":171785,"budgetAmount":270000,"_id":"58b70f1c85f60f70f336b3d2","events":[{"event":"200","expenditureAmount":171785,"budgetAmount":270000,"_id":"58b70f1c85f60f70f336b3d3"}]},{"id":"3722","expenditureAmount":677834.81,"budgetAmount":8840000,"_id":"58b70f1c85f60f70f336b3ce","events":[{"event":"121","expenditureAmount":32512,"budgetAmount":440000,"_id":"58b70f1c85f60f70f336b3d1"},{"event":"141","expenditureAmount":625239,"budgetAmount":8250000,"_id":"58b70f1c85f60f70f336b3d0"},{"event":"137","expenditureAmount":20083.809999999998,"budgetAmount":150000,"_id":"58b70f1c85f60f70f336b3cf"}]},{"id":"2143","expenditureAmount":31497,"budgetAmount":250000,"_id":"58b70f1c85f60f70f336b3cb","events":[{"event":"291","expenditureAmount":31497,"budgetAmount":200000,"_id":"58b70f1c85f60f70f336b3cd"},{"event":"214","expenditureAmount":0,"budgetAmount":50000,"_id":"58b70f1c85f60f70f336b3cc"}]},{"id":"5171","expenditureAmount":180,"budgetAmount":0,"_id":"58b70f1c85f60f70f336b3c9","events":[{"event":"124","expenditureAmount":180,"budgetAmount":0,"_id":"58b70f1c85f60f70f336b3ca"}]},{"id":"3326","expenditureAmount":11500,"budgetAmount":400000,"_id":"58b70f1c85f60f70f336b3c4","events":[{"event":"336","expenditureAmount":11500,"budgetAmount":65000,"_id":"58b70f1c85f60f70f336b3c8"},{"event":"119","expenditureAmount":0,"budgetAmount":45000,"_id":"58b70f1c85f60f70f336b3c7"},{"event":"332","expenditureAmount":0,"budgetAmount":240000,"_id":"58b70f1c85f60f70f336b3c6"},{"event":"331","expenditureAmount":0,"budgetAmount":50000,"_id":"58b70f1c85f60f70f336b3c5"}]},{"id":"6112","expenditureAmount":1985.98,"budgetAmount":2273600,"_id":"58b70f1c85f60f70f336b3c2","events":[{"event":"124","expenditureAmount":1985.98,"budgetAmount":2273600,"_id":"58b70f1c85f60f70f336b3c3"}]},{"id":"6402","expenditureAmount":203221.68,"budgetAmount":0,"_id":"58b70f1c85f60f70f336b3c0","events":[{"event":"200","expenditureAmount":203221.68,"budgetAmount":0,"_id":"58b70f1c85f60f70f336b3c1"}]},{"id":"2229","expenditureAmount":22157,"budgetAmount":335000,"_id":"58b70f1c85f60f70f336b3bd","events":[{"event":"135","expenditureAmount":22157,"budgetAmount":315000,"_id":"58b70f1c85f60f70f336b3bf"},{"event":"140","expenditureAmount":0,"budgetAmount":20000,"_id":"58b70f1c85f60f70f336b3be"}]},{"id":"2119","expenditureAmount":8129,"budgetAmount":7599500,"_id":"58b70f1c85f60f70f336b3bb","events":[{"event":"145","expenditureAmount":8129,"budgetAmount":7599500,"_id":"58b70f1c85f60f70f336b3bc"}]},{"id":"2221","expenditureAmount":1869,"budgetAmount":1617200,"_id":"58b70f1c85f60f70f336b3b7","events":[{"event":"135","expenditureAmount":1869,"budgetAmount":624200,"_id":"58b70f1c85f60f70f336b3ba"},{"event":"246","expenditureAmount":0,"budgetAmount":950000,"_id":"58b70f1c85f60f70f336b3b9"},{"event":"183","expenditureAmount":0,"budgetAmount":43000,"_id":"58b70f1c85f60f70f336b3b8"}]},{"id":"3419","expenditureAmount":1059000,"budgetAmount":2253000,"_id":"58b70f1c85f60f70f336b3b5","events":[{"event":"177","expenditureAmount":1059000,"budgetAmount":2253000,"_id":"58b70f1c85f60f70f336b3b6"}]},{"id":"3541","expenditureAmount":19000,"budgetAmount":19000,"_id":"58b70f1c85f60f70f336b3b3","events":[{"event":"177","expenditureAmount":19000,"budgetAmount":19000,"_id":"58b70f1c85f60f70f336b3b4"}]},{"id":"4379","expenditureAmount":54000,"budgetAmount":54000,"_id":"58b70f1c85f60f70f336b3b1","events":[{"event":"177","expenditureAmount":54000,"budgetAmount":54000,"_id":"58b70f1c85f60f70f336b3b2"}]},{"id":"4371","expenditureAmount":67000,"budgetAmount":67000,"_id":"58b70f1c85f60f70f336b3af","events":[{"event":"177","expenditureAmount":67000,"budgetAmount":67000,"_id":"58b70f1c85f60f70f336b3b0"}]},{"id":"3543","expenditureAmount":62000,"budgetAmount":62000,"_id":"58b70f1c85f60f70f336b3ad","events":[{"event":"177","expenditureAmount":62000,"budgetAmount":62000,"_id":"58b70f1c85f60f70f336b3ae"}]},{"id":"2321","expenditureAmount":5331,"budgetAmount":19377000,"_id":"58b70f1c85f60f70f336b3a5","events":[{"event":"100","expenditureAmount":5331,"budgetAmount":627000,"_id":"58b70f1c85f60f70f336b3ac"},{"event":"325","expenditureAmount":0,"budgetAmount":40000,"_id":"58b70f1c85f60f70f336b3ab"},{"event":"380","expenditureAmount":0,"budgetAmount":1720000,"_id":"58b70f1c85f60f70f336b3aa"},{"event":"265","expenditureAmount":0,"budgetAmount":4340000,"_id":"58b70f1c85f60f70f336b3a9"},{"event":"264","expenditureAmount":0,"budgetAmount":50000,"_id":"58b70f1c85f60f70f336b3a8"},{"event":"266","expenditureAmount":0,"budgetAmount":2400000,"_id":"58b70f1c85f60f70f336b3a7"},{"event":"282","expenditureAmount":0,"budgetAmount":10200000,"_id":"58b70f1c85f60f70f336b3a6"}]},{"id":"3319","expenditureAmount":171000,"budgetAmount":545000,"_id":"58b70f1c85f60f70f336b3a2","events":[{"event":"177","expenditureAmount":171000,"budgetAmount":171000,"_id":"58b70f1c85f60f70f336b3a4"},{"event":"119","expenditureAmount":0,"budgetAmount":374000,"_id":"58b70f1c85f60f70f336b3a3"}]},{"id":"4359","expenditureAmount":145000,"budgetAmount":185000,"_id":"58b70f1c85f60f70f336b3a0","events":[{"event":"177","expenditureAmount":145000,"budgetAmount":185000,"_id":"58b70f1c85f60f70f336b3a1"}]},{"id":"4374","expenditureAmount":13000,"budgetAmount":13000,"_id":"58b70f1c85f60f70f336b39e","events":[{"event":"177","expenditureAmount":13000,"budgetAmount":13000,"_id":"58b70f1c85f60f70f336b39f"}]},{"id":"4339","expenditureAmount":3200,"budgetAmount":192000,"_id":"58b70f1c85f60f70f336b39c","events":[{"event":"165","expenditureAmount":3200,"budgetAmount":192000,"_id":"58b70f1c85f60f70f336b39d"}]},{"id":"3633","expenditureAmount":0,"budgetAmount":148000,"_id":"58b70f1c85f60f70f336b39a","events":[{"event":"249","expenditureAmount":0,"budgetAmount":148000,"_id":"58b70f1c85f60f70f336b39b"}]},{"id":"3322","expenditureAmount":0,"budgetAmount":330000,"_id":"58b70f1c85f60f70f336b397","events":[{"event":"394","expenditureAmount":0,"budgetAmount":250000,"_id":"58b70f1c85f60f70f336b399"},{"event":"119","expenditureAmount":0,"budgetAmount":80000,"_id":"58b70f1c85f60f70f336b398"}]},{"id":"3349","expenditureAmount":0,"budgetAmount":139000,"_id":"58b70f1c85f60f70f336b395","events":[{"event":"128","expenditureAmount":0,"budgetAmount":139000,"_id":"58b70f1c85f60f70f336b396"}]},{"id":"6223","expenditureAmount":0,"budgetAmount":5000,"_id":"58b70f1c85f60f70f336b393","events":[{"event":"200","expenditureAmount":0,"budgetAmount":5000,"_id":"58b70f1c85f60f70f336b394"}]},{"id":"6310","expenditureAmount":0,"budgetAmount":65000,"_id":"58b70f1c85f60f70f336b391","events":[{"event":"200","expenditureAmount":0,"budgetAmount":65000,"_id":"58b70f1c85f60f70f336b392"}]},{"id":"3900","expenditureAmount":0,"budgetAmount":50000,"_id":"58b70f1c85f60f70f336b38f","events":[{"event":"157","expenditureAmount":0,"budgetAmount":50000,"_id":"58b70f1c85f60f70f336b390"}]},{"id":"3726","expenditureAmount":0,"budgetAmount":50000,"_id":"58b70f1c85f60f70f336b38d","events":[{"event":"141","expenditureAmount":0,"budgetAmount":50000,"_id":"58b70f1c85f60f70f336b38e"}]},{"id":"3728","expenditureAmount":0,"budgetAmount":40000,"_id":"58b70f1c85f60f70f336b38b","events":[{"event":"101","expenditureAmount":0,"budgetAmount":40000,"_id":"58b70f1c85f60f70f336b38c"}]},{"id":"3729","expenditureAmount":0,"budgetAmount":20000,"_id":"58b70f1c85f60f70f336b389","events":[{"event":"101","expenditureAmount":0,"budgetAmount":20000,"_id":"58b70f1c85f60f70f336b38a"}]},{"id":"3733","expenditureAmount":0,"budgetAmount":10000,"_id":"58b70f1c85f60f70f336b387","events":[{"event":"194","expenditureAmount":0,"budgetAmount":10000,"_id":"58b70f1c85f60f70f336b388"}]},{"id":"3742","expenditureAmount":0,"budgetAmount":5000,"_id":"58b70f1c85f60f70f336b385","events":[{"event":"194","expenditureAmount":0,"budgetAmount":5000,"_id":"58b70f1c85f60f70f336b386"}]},{"id":"4341","expenditureAmount":0,"budgetAmount":10000,"_id":"58b70f1c85f60f70f336b383","events":[{"event":"173","expenditureAmount":0,"budgetAmount":10000,"_id":"58b70f1c85f60f70f336b384"}]},{"id":"4343","expenditureAmount":0,"budgetAmount":40000,"_id":"58b70f1c85f60f70f336b381","events":[{"event":"173","expenditureAmount":0,"budgetAmount":40000,"_id":"58b70f1c85f60f70f336b382"}]},{"id":"4349","expenditureAmount":0,"budgetAmount":10000,"_id":"58b70f1c85f60f70f336b37f","events":[{"event":"245","expenditureAmount":0,"budgetAmount":10000,"_id":"58b70f1c85f60f70f336b380"}]},{"id":"5212","expenditureAmount":0,"budgetAmount":463000,"_id":"58b70f1c85f60f70f336b37d","events":[{"event":"152","expenditureAmount":0,"budgetAmount":463000,"_id":"58b70f1c85f60f70f336b37e"}]},{"id":"2223","expenditureAmount":0,"budgetAmount":125000,"_id":"58b70f1c85f60f70f336b37a","events":[{"event":"168","expenditureAmount":0,"budgetAmount":40000,"_id":"58b70f1c85f60f70f336b37c"},{"event":"135","expenditureAmount":0,"budgetAmount":85000,"_id":"58b70f1c85f60f70f336b37b"}]},{"id":"2341","expenditureAmount":0,"budgetAmount":756800,"_id":"58b70f1c85f60f70f336b378","events":[{"event":"100","expenditureAmount":0,"budgetAmount":756800,"_id":"58b70f1c85f60f70f336b379"}]},{"id":"1037","expenditureAmount":0,"budgetAmount":200000,"_id":"58b70f1c85f60f70f336b376","events":[{"event":"144","expenditureAmount":0,"budgetAmount":200000,"_id":"58b70f1c85f60f70f336b377"}]},{"id":"1014","expenditureAmount":0,"budgetAmount":110000,"_id":"58b70f1c85f60f70f336b373","events":[{"event":"176","expenditureAmount":0,"budgetAmount":80000,"_id":"58b70f1c85f60f70f336b375"},{"event":"194","expenditureAmount":0,"budgetAmount":30000,"_id":"58b70f1c85f60f70f336b374"}]},{"id":"1032","expenditureAmount":0,"budgetAmount":45000,"_id":"58b70f1c85f60f70f336b371","events":[{"event":"144","expenditureAmount":0,"budgetAmount":45000,"_id":"58b70f1c85f60f70f336b372"}]}]}