{"_id":"5908d5f1dfebc40c5c08f7f6","profile":{"_id":"586c306447d31f11fdda05cb","url":"nmnm","name":"Nové Město na Moravě","entity":"596230"},"year":"2017","budgetAmount":264070896.25,"expenditureAmount":68926196.23,"incomeAmount":-288015666.5400001,"__v":0,"paragraphs":[{"id":"0","expenditureAmount":0,"budgetAmount":0,"incomeAmount":-220298023.14999998,"_id":"5908d5f1dfebc40c5c08f918","events":[{"event":"0","expenditureAmount":0,"budgetAmount":0,"incomeAmount":-164302572.62000006,"_id":"5908d5f1dfebc40c5c08f943"},{"event":"10","expenditureAmount":0,"budgetAmount":0,"incomeAmount":-1760900,"_id":"5908d5f1dfebc40c5c08f942"},{"event":"11","expenditureAmount":0,"budgetAmount":0,"incomeAmount":-48700,"_id":"5908d5f1dfebc40c5c08f941"},{"event":"12","expenditureAmount":0,"budgetAmount":0,"incomeAmount":-85775,"_id":"5908d5f1dfebc40c5c08f940"},{"event":"15","expenditureAmount":0,"budgetAmount":0,"incomeAmount":-209610,"_id":"5908d5f1dfebc40c5c08f93f"},{"event":"16","expenditureAmount":0,"budgetAmount":0,"incomeAmount":-31900,"_id":"5908d5f1dfebc40c5c08f93e"},{"event":"17","expenditureAmount":0,"budgetAmount":0,"incomeAmount":-531100,"_id":"5908d5f1dfebc40c5c08f93d"},{"event":"18","expenditureAmount":0,"budgetAmount":0,"incomeAmount":-13200,"_id":"5908d5f1dfebc40c5c08f93c"},{"event":"20","expenditureAmount":0,"budgetAmount":0,"incomeAmount":-13000,"_id":"5908d5f1dfebc40c5c08f93b"},{"event":"21","expenditureAmount":0,"budgetAmount":0,"incomeAmount":-1940930,"_id":"5908d5f1dfebc40c5c08f93a"},{"event":"24","expenditureAmount":0,"budgetAmount":0,"incomeAmount":-109160,"_id":"5908d5f1dfebc40c5c08f939"},{"event":"31","expenditureAmount":0,"budgetAmount":0,"incomeAmount":-28850,"_id":"5908d5f1dfebc40c5c08f938"},{"event":"32","expenditureAmount":0,"budgetAmount":0,"incomeAmount":-41700,"_id":"5908d5f1dfebc40c5c08f937"},{"event":"33","expenditureAmount":0,"budgetAmount":0,"incomeAmount":-6800,"_id":"5908d5f1dfebc40c5c08f936"},{"event":"107","expenditureAmount":0,"budgetAmount":0,"incomeAmount":-120000,"_id":"5908d5f1dfebc40c5c08f935"},{"event":"124","expenditureAmount":0,"budgetAmount":0,"incomeAmount":-22431900,"_id":"5908d5f1dfebc40c5c08f934"},{"event":"130","expenditureAmount":0,"budgetAmount":0,"incomeAmount":-100000,"_id":"5908d5f1dfebc40c5c08f933"},{"event":"135","expenditureAmount":0,"budgetAmount":0,"incomeAmount":-385272,"_id":"5908d5f1dfebc40c5c08f932"},{"event":"141","expenditureAmount":0,"budgetAmount":0,"incomeAmount":-6898078.53,"_id":"5908d5f1dfebc40c5c08f931"},{"event":"160","expenditureAmount":0,"budgetAmount":0,"incomeAmount":-533900,"_id":"5908d5f1dfebc40c5c08f930"},{"event":"164","expenditureAmount":0,"budgetAmount":0,"incomeAmount":-104212,"_id":"5908d5f1dfebc40c5c08f92f"},{"event":"165","expenditureAmount":0,"budgetAmount":0,"incomeAmount":-360000,"_id":"5908d5f1dfebc40c5c08f92e"},{"event":"222","expenditureAmount":0,"budgetAmount":0,"incomeAmount":-977019,"_id":"5908d5f1dfebc40c5c08f92d"},{"event":"230","expenditureAmount":0,"budgetAmount":0,"incomeAmount":-30000,"_id":"5908d5f1dfebc40c5c08f92c"},{"event":"299","expenditureAmount":0,"budgetAmount":0,"incomeAmount":-141270,"_id":"5908d5f1dfebc40c5c08f92b"},{"event":"392","expenditureAmount":0,"budgetAmount":0,"incomeAmount":-8925044,"_id":"5908d5f1dfebc40c5c08f92a"},{"event":"131","expenditureAmount":0,"budgetAmount":0,"incomeAmount":-26000,"_id":"5908d5f1dfebc40c5c08f929"},{"event":"19","expenditureAmount":0,"budgetAmount":0,"incomeAmount":-12000,"_id":"5908d5f1dfebc40c5c08f928"},{"event":"132","expenditureAmount":0,"budgetAmount":0,"incomeAmount":-308690.75,"_id":"5908d5f1dfebc40c5c08f927"},{"event":"139","expenditureAmount":0,"budgetAmount":0,"incomeAmount":-19688,"_id":"5908d5f1dfebc40c5c08f926"},{"event":"23","expenditureAmount":0,"budgetAmount":0,"incomeAmount":-150,"_id":"5908d5f1dfebc40c5c08f925"},{"event":"40","expenditureAmount":0,"budgetAmount":0,"incomeAmount":-1150,"_id":"5908d5f1dfebc40c5c08f924"},{"event":"27","expenditureAmount":0,"budgetAmount":0,"incomeAmount":-1960,"_id":"5908d5f1dfebc40c5c08f923"},{"event":"171","expenditureAmount":0,"budgetAmount":0,"incomeAmount":-36337,"_id":"5908d5f1dfebc40c5c08f922"},{"event":"194","expenditureAmount":0,"budgetAmount":0,"incomeAmount":-614686,"_id":"5908d5f1dfebc40c5c08f921"},{"event":"386","expenditureAmount":0,"budgetAmount":0,"incomeAmount":-228200,"_id":"5908d5f1dfebc40c5c08f920"},{"event":"118","expenditureAmount":0,"budgetAmount":0,"incomeAmount":-2624800,"_id":"5908d5f1dfebc40c5c08f91f"},{"event":"134","expenditureAmount":0,"budgetAmount":0,"incomeAmount":-4105600,"_id":"5908d5f1dfebc40c5c08f91e"},{"event":"122","expenditureAmount":0,"budgetAmount":0,"incomeAmount":-300000,"_id":"5908d5f1dfebc40c5c08f91d"},{"event":"224","expenditureAmount":0,"budgetAmount":0,"incomeAmount":-300,"_id":"5908d5f1dfebc40c5c08f91c"},{"event":"261","expenditureAmount":0,"budgetAmount":0,"incomeAmount":-1500000,"_id":"5908d5f1dfebc40c5c08f91b"},{"event":"14","expenditureAmount":0,"budgetAmount":0,"incomeAmount":-100,"_id":"5908d5f1dfebc40c5c08f91a"},{"event":"152","expenditureAmount":0,"budgetAmount":0,"incomeAmount":-387468.25,"_id":"5908d5f1dfebc40c5c08f919"}]},{"id":"2310","expenditureAmount":1219102,"budgetAmount":1397000,"incomeAmount":0,"_id":"5908d5f1dfebc40c5c08f914","events":[{"event":"100","expenditureAmount":1012000,"budgetAmount":1035000,"incomeAmount":0,"_id":"5908d5f1dfebc40c5c08f917"},{"event":"294","expenditureAmount":89000,"budgetAmount":89000,"incomeAmount":0,"_id":"5908d5f1dfebc40c5c08f916"},{"event":"326","expenditureAmount":118102,"budgetAmount":273000,"incomeAmount":0,"_id":"5908d5f1dfebc40c5c08f915"}]},{"id":"2321","expenditureAmount":1080866,"budgetAmount":19568000,"incomeAmount":-6740000,"_id":"5908d5f1dfebc40c5c08f90a","events":[{"event":"100","expenditureAmount":9763,"budgetAmount":779000,"incomeAmount":0,"_id":"5908d5f1dfebc40c5c08f913"},{"event":"264","expenditureAmount":40000,"budgetAmount":50000,"incomeAmount":0,"_id":"5908d5f1dfebc40c5c08f912"},{"event":"265","expenditureAmount":0,"budgetAmount":4340000,"incomeAmount":0,"_id":"5908d5f1dfebc40c5c08f911"},{"event":"266","expenditureAmount":0,"budgetAmount":2400000,"incomeAmount":0,"_id":"5908d5f1dfebc40c5c08f910"},{"event":"282","expenditureAmount":0,"budgetAmount":10200000,"incomeAmount":0,"_id":"5908d5f1dfebc40c5c08f90f"},{"event":"325","expenditureAmount":0,"budgetAmount":40000,"incomeAmount":0,"_id":"5908d5f1dfebc40c5c08f90e"},{"event":"327","expenditureAmount":0,"budgetAmount":0,"incomeAmount":-6740000,"_id":"5908d5f1dfebc40c5c08f90d"},{"event":"380","expenditureAmount":1031103,"budgetAmount":1720000,"incomeAmount":0,"_id":"5908d5f1dfebc40c5c08f90c"},{"event":"167","expenditureAmount":0,"budgetAmount":39000,"incomeAmount":0,"_id":"5908d5f1dfebc40c5c08f90b"}]},{"id":"2341","expenditureAmount":0,"budgetAmount":770800,"incomeAmount":-186536,"_id":"5908d5f1dfebc40c5c08f907","events":[{"event":"100","expenditureAmount":0,"budgetAmount":715800,"incomeAmount":-186536,"_id":"5908d5f1dfebc40c5c08f909"},{"event":"162","expenditureAmount":0,"budgetAmount":55000,"incomeAmount":0,"_id":"5908d5f1dfebc40c5c08f908"}]},{"id":"3728","expenditureAmount":16105,"budgetAmount":40000,"incomeAmount":0,"_id":"5908d5f1dfebc40c5c08f905","events":[{"event":"101","expenditureAmount":16105,"budgetAmount":40000,"incomeAmount":0,"_id":"5908d5f1dfebc40c5c08f906"}]},{"id":"3729","expenditureAmount":0,"budgetAmount":20000,"incomeAmount":0,"_id":"5908d5f1dfebc40c5c08f903","events":[{"event":"101","expenditureAmount":0,"budgetAmount":20000,"incomeAmount":0,"_id":"5908d5f1dfebc40c5c08f904"}]},{"id":"3113","expenditureAmount":3717453.4,"budgetAmount":9957000,"incomeAmount":-1010000,"_id":"5908d5f1dfebc40c5c08f8fd","events":[{"event":"106","expenditureAmount":1429020,"budgetAmount":4145000,"incomeAmount":-24000,"_id":"5908d5f1dfebc40c5c08f902"},{"event":"107","expenditureAmount":2271433.4,"budgetAmount":4395000,"incomeAmount":-986000,"_id":"5908d5f1dfebc40c5c08f901"},{"event":"171","expenditureAmount":0,"budgetAmount":0,"incomeAmount":0,"_id":"5908d5f1dfebc40c5c08f900"},{"event":"274","expenditureAmount":0,"budgetAmount":1400000,"incomeAmount":0,"_id":"5908d5f1dfebc40c5c08f8ff"},{"event":"177","expenditureAmount":17000,"budgetAmount":17000,"incomeAmount":0,"_id":"5908d5f1dfebc40c5c08f8fe"}]},{"id":"3745","expenditureAmount":562828.11,"budgetAmount":4900300,"incomeAmount":-15000,"_id":"5908d5f1dfebc40c5c08f8f5","events":[{"event":"113","expenditureAmount":14472.73,"budgetAmount":158000,"incomeAmount":0,"_id":"5908d5f1dfebc40c5c08f8fc"},{"event":"121","expenditureAmount":4826,"budgetAmount":60000,"incomeAmount":0,"_id":"5908d5f1dfebc40c5c08f8fb"},{"event":"125","expenditureAmount":0,"budgetAmount":90000,"incomeAmount":0,"_id":"5908d5f1dfebc40c5c08f8fa"},{"event":"230","expenditureAmount":5845,"budgetAmount":2611300,"incomeAmount":0,"_id":"5908d5f1dfebc40c5c08f8f9"},{"event":"231","expenditureAmount":135433.46,"budgetAmount":879000,"incomeAmount":0,"_id":"5908d5f1dfebc40c5c08f8f8"},{"event":"232","expenditureAmount":312250.92,"budgetAmount":852000,"incomeAmount":-15000,"_id":"5908d5f1dfebc40c5c08f8f7"},{"event":"311","expenditureAmount":90000,"budgetAmount":250000,"incomeAmount":0,"_id":"5908d5f1dfebc40c5c08f8f6"}]},{"id":"2219","expenditureAmount":1778132,"budgetAmount":16475200,"incomeAmount":-874092,"_id":"5908d5f1dfebc40c5c08f8e3","events":[{"event":"115","expenditureAmount":60000,"budgetAmount":250000,"incomeAmount":0,"_id":"5908d5f1dfebc40c5c08f8f4"},{"event":"135","expenditureAmount":16050,"budgetAmount":2029000,"incomeAmount":-874092,"_id":"5908d5f1dfebc40c5c08f8f3"},{"event":"140","expenditureAmount":1428929,"budgetAmount":1741000,"incomeAmount":0,"_id":"5908d5f1dfebc40c5c08f8f2"},{"event":"158","expenditureAmount":0,"budgetAmount":268000,"incomeAmount":0,"_id":"5908d5f1dfebc40c5c08f8f1"},{"event":"159","expenditureAmount":0,"budgetAmount":4600000,"incomeAmount":0,"_id":"5908d5f1dfebc40c5c08f8f0"},{"event":"216","expenditureAmount":0,"budgetAmount":323200,"incomeAmount":0,"_id":"5908d5f1dfebc40c5c08f8ef"},{"event":"263","expenditureAmount":0,"budgetAmount":130000,"incomeAmount":0,"_id":"5908d5f1dfebc40c5c08f8ee"},{"event":"269","expenditureAmount":0,"budgetAmount":50000,"incomeAmount":0,"_id":"5908d5f1dfebc40c5c08f8ed"},{"event":"270","expenditureAmount":0,"budgetAmount":60000,"incomeAmount":0,"_id":"5908d5f1dfebc40c5c08f8ec"},{"event":"271","expenditureAmount":0,"budgetAmount":50000,"incomeAmount":0,"_id":"5908d5f1dfebc40c5c08f8eb"},{"event":"308","expenditureAmount":66550,"budgetAmount":2000000,"incomeAmount":0,"_id":"5908d5f1dfebc40c5c08f8ea"},{"event":"321","expenditureAmount":0,"budgetAmount":500000,"incomeAmount":0,"_id":"5908d5f1dfebc40c5c08f8e9"},{"event":"338","expenditureAmount":0,"budgetAmount":90000,"incomeAmount":0,"_id":"5908d5f1dfebc40c5c08f8e8"},{"event":"344","expenditureAmount":206603,"budgetAmount":4012000,"incomeAmount":0,"_id":"5908d5f1dfebc40c5c08f8e7"},{"event":"348","expenditureAmount":0,"budgetAmount":130000,"incomeAmount":0,"_id":"5908d5f1dfebc40c5c08f8e6"},{"event":"387","expenditureAmount":0,"budgetAmount":95000,"incomeAmount":0,"_id":"5908d5f1dfebc40c5c08f8e5"},{"event":"391","expenditureAmount":0,"budgetAmount":147000,"incomeAmount":0,"_id":"5908d5f1dfebc40c5c08f8e4"}]},{"id":"3231","expenditureAmount":0,"budgetAmount":0,"incomeAmount":-142537,"_id":"5908d5f1dfebc40c5c08f8e1","events":[{"event":"116","expenditureAmount":0,"budgetAmount":0,"incomeAmount":-142537,"_id":"5908d5f1dfebc40c5c08f8e2"}]},{"id":"4356","expenditureAmount":2075600,"budgetAmount":3602100,"incomeAmount":-277300,"_id":"5908d5f1dfebc40c5c08f8df","events":[{"event":"118","expenditureAmount":2075600,"budgetAmount":3602100,"incomeAmount":-277300,"_id":"5908d5f1dfebc40c5c08f8e0"}]},{"id":"3319","expenditureAmount":180000,"budgetAmount":545000,"incomeAmount":0,"_id":"5908d5f1dfebc40c5c08f8dc","events":[{"event":"119","expenditureAmount":9000,"budgetAmount":374000,"incomeAmount":0,"_id":"5908d5f1dfebc40c5c08f8de"},{"event":"177","expenditureAmount":171000,"budgetAmount":171000,"incomeAmount":0,"_id":"5908d5f1dfebc40c5c08f8dd"}]},{"id":"3322","expenditureAmount":0,"budgetAmount":330000,"incomeAmount":0,"_id":"5908d5f1dfebc40c5c08f8d9","events":[{"event":"119","expenditureAmount":0,"budgetAmount":80000,"incomeAmount":0,"_id":"5908d5f1dfebc40c5c08f8db"},{"event":"394","expenditureAmount":0,"budgetAmount":250000,"incomeAmount":0,"_id":"5908d5f1dfebc40c5c08f8da"}]},{"id":"3326","expenditureAmount":12333,"budgetAmount":400833,"incomeAmount":0,"_id":"5908d5f1dfebc40c5c08f8d4","events":[{"event":"119","expenditureAmount":833,"budgetAmount":45833,"incomeAmount":0,"_id":"5908d5f1dfebc40c5c08f8d8"},{"event":"331","expenditureAmount":0,"budgetAmount":50000,"incomeAmount":0,"_id":"5908d5f1dfebc40c5c08f8d7"},{"event":"332","expenditureAmount":0,"budgetAmount":240000,"incomeAmount":0,"_id":"5908d5f1dfebc40c5c08f8d6"},{"event":"336","expenditureAmount":11500,"budgetAmount":65000,"incomeAmount":0,"_id":"5908d5f1dfebc40c5c08f8d5"}]},{"id":"3399","expenditureAmount":110499,"budgetAmount":487000,"incomeAmount":0,"_id":"5908d5f1dfebc40c5c08f8d1","events":[{"event":"119","expenditureAmount":40499,"budgetAmount":417000,"incomeAmount":0,"_id":"5908d5f1dfebc40c5c08f8d3"},{"event":"177","expenditureAmount":70000,"budgetAmount":70000,"incomeAmount":0,"_id":"5908d5f1dfebc40c5c08f8d2"}]},{"id":"3613","expenditureAmount":1278926.35,"budgetAmount":5862500,"incomeAmount":-9524857.7,"_id":"5908d5f1dfebc40c5c08f8c7","events":[{"event":"119","expenditureAmount":0,"budgetAmount":0,"incomeAmount":0,"_id":"5908d5f1dfebc40c5c08f8d0"},{"event":"122","expenditureAmount":229102.12,"budgetAmount":934000,"incomeAmount":-40574.6,"_id":"5908d5f1dfebc40c5c08f8cf"},{"event":"164","expenditureAmount":0,"budgetAmount":0,"incomeAmount":0,"_id":"5908d5f1dfebc40c5c08f8ce"},{"event":"299","expenditureAmount":1029824.2299999999,"budgetAmount":4658500,"incomeAmount":-9465236.1,"_id":"5908d5f1dfebc40c5c08f8cd"},{"event":"313","expenditureAmount":0,"budgetAmount":250000,"incomeAmount":0,"_id":"5908d5f1dfebc40c5c08f8cc"},{"event":"134","expenditureAmount":0,"budgetAmount":0,"incomeAmount":-19047,"_id":"5908d5f1dfebc40c5c08f8cb"},{"event":"254","expenditureAmount":20000,"budgetAmount":20000,"incomeAmount":0,"_id":"5908d5f1dfebc40c5c08f8ca"},{"event":"124","expenditureAmount":0,"budgetAmount":0,"incomeAmount":0,"_id":"5908d5f1dfebc40c5c08f8c9"},{"event":"126","expenditureAmount":0,"budgetAmount":0,"incomeAmount":0,"_id":"5908d5f1dfebc40c5c08f8c8"}]},{"id":"3392","expenditureAmount":3543600,"budgetAmount":10877300,"incomeAmount":-982000,"_id":"5908d5f1dfebc40c5c08f8c5","events":[{"event":"120","expenditureAmount":3543600,"budgetAmount":10877300,"incomeAmount":-982000,"_id":"5908d5f1dfebc40c5c08f8c6"}]},{"id":"3722","expenditureAmount":2006147.64,"budgetAmount":8840000,"incomeAmount":-290,"_id":"5908d5f1dfebc40c5c08f8c1","events":[{"event":"121","expenditureAmount":125007,"budgetAmount":440000,"incomeAmount":0,"_id":"5908d5f1dfebc40c5c08f8c4"},{"event":"137","expenditureAmount":43006.64,"budgetAmount":150000,"incomeAmount":0,"_id":"5908d5f1dfebc40c5c08f8c3"},{"event":"141","expenditureAmount":1838134,"budgetAmount":8250000,"incomeAmount":-290,"_id":"5908d5f1dfebc40c5c08f8c2"}]},{"id":"5512","expenditureAmount":1439499.72,"budgetAmount":3621600,"incomeAmount":-59460,"_id":"5908d5f1dfebc40c5c08f8bb","events":[{"event":"122","expenditureAmount":519711.72,"budgetAmount":2081600,"incomeAmount":-59460,"_id":"5908d5f1dfebc40c5c08f8c0"},{"event":"261","expenditureAmount":919788,"budgetAmount":920000,"incomeAmount":0,"_id":"5908d5f1dfebc40c5c08f8bf"},{"event":"275","expenditureAmount":0,"budgetAmount":150000,"incomeAmount":0,"_id":"5908d5f1dfebc40c5c08f8be"},{"event":"276","expenditureAmount":0,"budgetAmount":250000,"incomeAmount":0,"_id":"5908d5f1dfebc40c5c08f8bd"},{"event":"278","expenditureAmount":0,"budgetAmount":220000,"incomeAmount":0,"_id":"5908d5f1dfebc40c5c08f8bc"}]},{"id":"5311","expenditureAmount":1235122.6800000002,"budgetAmount":3714100,"incomeAmount":-225362,"_id":"5908d5f1dfebc40c5c08f8b7","events":[{"event":"123","expenditureAmount":1228769.6800000002,"budgetAmount":3694100,"incomeAmount":-218862,"_id":"5908d5f1dfebc40c5c08f8ba"},{"event":"322","expenditureAmount":6353,"budgetAmount":20000,"incomeAmount":0,"_id":"5908d5f1dfebc40c5c08f8b9"},{"event":"124","expenditureAmount":0,"budgetAmount":0,"incomeAmount":-6500,"_id":"5908d5f1dfebc40c5c08f8b8"}]},{"id":"6171","expenditureAmount":12769782.670000004,"budgetAmount":43515700,"incomeAmount":-2178041.88,"_id":"5908d5f1dfebc40c5c08f8a7","events":[{"event":"123","expenditureAmount":0,"budgetAmount":0,"incomeAmount":-33839,"_id":"5908d5f1dfebc40c5c08f8b6"},{"event":"124","expenditureAmount":11018389.29,"budgetAmount":37965500,"incomeAmount":-1984191.88,"_id":"5908d5f1dfebc40c5c08f8b5"},{"event":"131","expenditureAmount":239132,"budgetAmount":689800,"incomeAmount":0,"_id":"5908d5f1dfebc40c5c08f8b4"},{"event":"161","expenditureAmount":16543,"budgetAmount":100000,"incomeAmount":0,"_id":"5908d5f1dfebc40c5c08f8b3"},{"event":"208","expenditureAmount":1024456.4,"budgetAmount":3305000,"incomeAmount":-505122,"_id":"5908d5f1dfebc40c5c08f8b2"},{"event":"213","expenditureAmount":0,"budgetAmount":55000,"incomeAmount":0,"_id":"5908d5f1dfebc40c5c08f8b1"},{"event":"222","expenditureAmount":244428,"budgetAmount":1400400,"incomeAmount":0,"_id":"5908d5f1dfebc40c5c08f8b0"},{"event":"0","expenditureAmount":55496.979999999996,"budgetAmount":0,"incomeAmount":414336,"_id":"5908d5f1dfebc40c5c08f8af"},{"event":"246","expenditureAmount":0,"budgetAmount":0,"incomeAmount":-18720,"_id":"5908d5f1dfebc40c5c08f8ae"},{"event":"360","expenditureAmount":0,"budgetAmount":0,"incomeAmount":-31200,"_id":"5908d5f1dfebc40c5c08f8ad"},{"event":"9124","expenditureAmount":0,"budgetAmount":0,"incomeAmount":-13655,"_id":"5908d5f1dfebc40c5c08f8ac"},{"event":"114","expenditureAmount":171337,"budgetAmount":0,"incomeAmount":0,"_id":"5908d5f1dfebc40c5c08f8ab"},{"event":"135","expenditureAmount":0,"budgetAmount":0,"incomeAmount":-5640,"_id":"5908d5f1dfebc40c5c08f8aa"},{"event":"165","expenditureAmount":0,"budgetAmount":0,"incomeAmount":0,"_id":"5908d5f1dfebc40c5c08f8a9"},{"event":"126","expenditureAmount":0,"budgetAmount":0,"incomeAmount":-10,"_id":"5908d5f1dfebc40c5c08f8a8"}]},{"id":"2169","expenditureAmount":0,"budgetAmount":0,"incomeAmount":-28035.69,"_id":"5908d5f1dfebc40c5c08f8a5","events":[{"event":"124","expenditureAmount":0,"budgetAmount":0,"incomeAmount":-28035.69,"_id":"5908d5f1dfebc40c5c08f8a6"}]},{"id":"2299","expenditureAmount":0,"budgetAmount":0,"incomeAmount":-245936,"_id":"5908d5f1dfebc40c5c08f8a3","events":[{"event":"124","expenditureAmount":0,"budgetAmount":0,"incomeAmount":-245936,"_id":"5908d5f1dfebc40c5c08f8a4"}]},{"id":"3769","expenditureAmount":0,"budgetAmount":0,"incomeAmount":-22500,"_id":"5908d5f1dfebc40c5c08f8a1","events":[{"event":"124","expenditureAmount":0,"budgetAmount":0,"incomeAmount":-22500,"_id":"5908d5f1dfebc40c5c08f8a2"}]},{"id":"6112","expenditureAmount":723507.98,"budgetAmount":2273600,"incomeAmount":0,"_id":"5908d5f1dfebc40c5c08f89f","events":[{"event":"124","expenditureAmount":723507.98,"budgetAmount":2273600,"incomeAmount":0,"_id":"5908d5f1dfebc40c5c08f8a0"}]},{"id":"3612","expenditureAmount":7536459.880000001,"budgetAmount":39088300,"incomeAmount":-24914890.19,"_id":"5908d5f1dfebc40c5c08f89a","events":[{"event":"126","expenditureAmount":2536291.869999999,"budgetAmount":13099300,"incomeAmount":-23192788.220000003,"_id":"5908d5f1dfebc40c5c08f89e"},{"event":"134","expenditureAmount":147353.9,"budgetAmount":446000,"incomeAmount":-1716567,"_id":"5908d5f1dfebc40c5c08f89d"},{"event":"219","expenditureAmount":258097.15999999997,"budgetAmount":1205000,"incomeAmount":-5534.969999999999,"_id":"5908d5f1dfebc40c5c08f89c"},{"event":"392","expenditureAmount":4594716.95,"budgetAmount":24338000,"incomeAmount":0,"_id":"5908d5f1dfebc40c5c08f89b"}]},{"id":"3635","expenditureAmount":151200,"budgetAmount":265000,"incomeAmount":0,"_id":"5908d5f1dfebc40c5c08f897","events":[{"event":"127","expenditureAmount":3200,"budgetAmount":6000,"incomeAmount":0,"_id":"5908d5f1dfebc40c5c08f899"},{"event":"363","expenditureAmount":148000,"budgetAmount":259000,"incomeAmount":0,"_id":"5908d5f1dfebc40c5c08f898"}]},{"id":"3639","expenditureAmount":118465.34999999998,"budgetAmount":5035800,"incomeAmount":-909895,"_id":"5908d5f1dfebc40c5c08f88c","events":[{"event":"127","expenditureAmount":800,"budgetAmount":890000,"incomeAmount":0,"_id":"5908d5f1dfebc40c5c08f896"},{"event":"133","expenditureAmount":32613.13,"budgetAmount":333000,"incomeAmount":-33000,"_id":"5908d5f1dfebc40c5c08f895"},{"event":"138","expenditureAmount":4279,"budgetAmount":25000,"incomeAmount":0,"_id":"5908d5f1dfebc40c5c08f894"},{"event":"147","expenditureAmount":79773.22,"budgetAmount":228800,"incomeAmount":-105285,"_id":"5908d5f1dfebc40c5c08f893"},{"event":"200","expenditureAmount":0,"budgetAmount":125000,"incomeAmount":0,"_id":"5908d5f1dfebc40c5c08f892"},{"event":"267","expenditureAmount":0,"budgetAmount":1600000,"incomeAmount":0,"_id":"5908d5f1dfebc40c5c08f891"},{"event":"298","expenditureAmount":0,"budgetAmount":0,"incomeAmount":-735930,"_id":"5908d5f1dfebc40c5c08f890"},{"event":"301","expenditureAmount":0,"budgetAmount":200000,"incomeAmount":0,"_id":"5908d5f1dfebc40c5c08f88f"},{"event":"319","expenditureAmount":1000,"budgetAmount":1634000,"incomeAmount":0,"_id":"5908d5f1dfebc40c5c08f88e"},{"event":"124","expenditureAmount":0,"budgetAmount":0,"incomeAmount":-35680,"_id":"5908d5f1dfebc40c5c08f88d"}]},{"id":"3349","expenditureAmount":0,"budgetAmount":139000,"incomeAmount":0,"_id":"5908d5f1dfebc40c5c08f88a","events":[{"event":"128","expenditureAmount":0,"budgetAmount":139000,"incomeAmount":0,"_id":"5908d5f1dfebc40c5c08f88b"}]},{"id":"2141","expenditureAmount":26360,"budgetAmount":83000,"incomeAmount":-2880,"_id":"5908d5f1dfebc40c5c08f887","events":[{"event":"130","expenditureAmount":26360,"budgetAmount":83000,"incomeAmount":0,"_id":"5908d5f1dfebc40c5c08f889"},{"event":"224","expenditureAmount":0,"budgetAmount":0,"incomeAmount":-2880,"_id":"5908d5f1dfebc40c5c08f888"}]},{"id":"4351","expenditureAmount":4516300,"budgetAmount":8659300,"incomeAmount":-77200,"_id":"5908d5f1dfebc40c5c08f885","events":[{"event":"134","expenditureAmount":4516300,"budgetAmount":8659300,"incomeAmount":-77200,"_id":"5908d5f1dfebc40c5c08f886"}]},{"id":"2212","expenditureAmount":1838489,"budgetAmount":14108500,"incomeAmount":0,"_id":"5908d5f1dfebc40c5c08f878","events":[{"event":"135","expenditureAmount":54299,"budgetAmount":3415000,"incomeAmount":0,"_id":"5908d5f1dfebc40c5c08f884"},{"event":"140","expenditureAmount":1781286,"budgetAmount":2044000,"incomeAmount":0,"_id":"5908d5f1dfebc40c5c08f883"},{"event":"207","expenditureAmount":0,"budgetAmount":500000,"incomeAmount":0,"_id":"5908d5f1dfebc40c5c08f882"},{"event":"216","expenditureAmount":2904,"budgetAmount":951500,"incomeAmount":0,"_id":"5908d5f1dfebc40c5c08f881"},{"event":"241","expenditureAmount":0,"budgetAmount":1500000,"incomeAmount":0,"_id":"5908d5f1dfebc40c5c08f880"},{"event":"247","expenditureAmount":0,"budgetAmount":290000,"incomeAmount":0,"_id":"5908d5f1dfebc40c5c08f87f"},{"event":"287","expenditureAmount":0,"budgetAmount":300000,"incomeAmount":0,"_id":"5908d5f1dfebc40c5c08f87e"},{"event":"305","expenditureAmount":0,"budgetAmount":40000,"incomeAmount":0,"_id":"5908d5f1dfebc40c5c08f87d"},{"event":"307","expenditureAmount":0,"budgetAmount":100000,"incomeAmount":0,"_id":"5908d5f1dfebc40c5c08f87c"},{"event":"368","expenditureAmount":0,"budgetAmount":117000,"incomeAmount":0,"_id":"5908d5f1dfebc40c5c08f87b"},{"event":"371","expenditureAmount":0,"budgetAmount":95000,"incomeAmount":0,"_id":"5908d5f1dfebc40c5c08f87a"},{"event":"374","expenditureAmount":0,"budgetAmount":4756000,"incomeAmount":0,"_id":"5908d5f1dfebc40c5c08f879"}]},{"id":"2221","expenditureAmount":8752,"budgetAmount":217200,"incomeAmount":0,"_id":"5908d5f1dfebc40c5c08f874","events":[{"event":"135","expenditureAmount":8752,"budgetAmount":174200,"incomeAmount":0,"_id":"5908d5f1dfebc40c5c08f877"},{"event":"183","expenditureAmount":0,"budgetAmount":43000,"incomeAmount":0,"_id":"5908d5f1dfebc40c5c08f876"},{"event":"246","expenditureAmount":0,"budgetAmount":0,"incomeAmount":0,"_id":"5908d5f1dfebc40c5c08f875"}]},{"id":"2223","expenditureAmount":0,"budgetAmount":125000,"incomeAmount":0,"_id":"5908d5f1dfebc40c5c08f871","events":[{"event":"135","expenditureAmount":0,"budgetAmount":85000,"incomeAmount":0,"_id":"5908d5f1dfebc40c5c08f873"},{"event":"168","expenditureAmount":0,"budgetAmount":40000,"incomeAmount":0,"_id":"5908d5f1dfebc40c5c08f872"}]},{"id":"2229","expenditureAmount":27164,"budgetAmount":335000,"incomeAmount":-1178,"_id":"5908d5f1dfebc40c5c08f86e","events":[{"event":"135","expenditureAmount":27164,"budgetAmount":315000,"incomeAmount":-1178,"_id":"5908d5f1dfebc40c5c08f870"},{"event":"140","expenditureAmount":0,"budgetAmount":20000,"incomeAmount":0,"_id":"5908d5f1dfebc40c5c08f86f"}]},{"id":"2144","expenditureAmount":0,"budgetAmount":0,"incomeAmount":-172160,"_id":"5908d5f1dfebc40c5c08f86c","events":[{"event":"136","expenditureAmount":0,"budgetAmount":0,"incomeAmount":-172160,"_id":"5908d5f1dfebc40c5c08f86d"}]},{"id":"3631","expenditureAmount":391383.2,"budgetAmount":2495000,"incomeAmount":0,"_id":"5908d5f1dfebc40c5c08f869","events":[{"event":"136","expenditureAmount":391383.2,"budgetAmount":2245000,"incomeAmount":0,"_id":"5908d5f1dfebc40c5c08f86b"},{"event":"293","expenditureAmount":0,"budgetAmount":250000,"incomeAmount":0,"_id":"5908d5f1dfebc40c5c08f86a"}]},{"id":"3632","expenditureAmount":237937.97999999998,"budgetAmount":730000,"incomeAmount":-455716,"_id":"5908d5f1dfebc40c5c08f867","events":[{"event":"137","expenditureAmount":237937.97999999998,"budgetAmount":730000,"incomeAmount":-455716,"_id":"5908d5f1dfebc40c5c08f868"}]},{"id":"3725","expenditureAmount":0,"budgetAmount":0,"incomeAmount":-1798490,"_id":"5908d5f1dfebc40c5c08f865","events":[{"event":"141","expenditureAmount":0,"budgetAmount":0,"incomeAmount":-1798490,"_id":"5908d5f1dfebc40c5c08f866"}]},{"id":"3726","expenditureAmount":0,"budgetAmount":50000,"incomeAmount":0,"_id":"5908d5f1dfebc40c5c08f863","events":[{"event":"141","expenditureAmount":0,"budgetAmount":50000,"incomeAmount":0,"_id":"5908d5f1dfebc40c5c08f864"}]},{"id":"1032","expenditureAmount":0,"budgetAmount":45000,"incomeAmount":-4781990,"_id":"5908d5f1dfebc40c5c08f861","events":[{"event":"144","expenditureAmount":0,"budgetAmount":45000,"incomeAmount":-4781990,"_id":"5908d5f1dfebc40c5c08f862"}]},{"id":"1036","expenditureAmount":782613,"budgetAmount":1938818,"incomeAmount":0,"_id":"5908d5f1dfebc40c5c08f85e","events":[{"event":"144","expenditureAmount":481745,"budgetAmount":1625000,"incomeAmount":0,"_id":"5908d5f1dfebc40c5c08f860"},{"event":"194","expenditureAmount":300868,"budgetAmount":313818,"incomeAmount":0,"_id":"5908d5f1dfebc40c5c08f85f"}]},{"id":"1037","expenditureAmount":0,"budgetAmount":200000,"incomeAmount":0,"_id":"5908d5f1dfebc40c5c08f85c","events":[{"event":"144","expenditureAmount":0,"budgetAmount":200000,"incomeAmount":0,"_id":"5908d5f1dfebc40c5c08f85d"}]},{"id":"2119","expenditureAmount":8129,"budgetAmount":7599500,"incomeAmount":-10085144,"_id":"5908d5f1dfebc40c5c08f85a","events":[{"event":"145","expenditureAmount":8129,"budgetAmount":7599500,"incomeAmount":-10085144,"_id":"5908d5f1dfebc40c5c08f85b"}]},{"id":"3421","expenditureAmount":632885,"budgetAmount":10702336,"incomeAmount":-71963,"_id":"5908d5f1dfebc40c5c08f851","events":[{"event":"146","expenditureAmount":3285,"budgetAmount":1173000,"incomeAmount":0,"_id":"5908d5f1dfebc40c5c08f859"},{"event":"149","expenditureAmount":61000,"budgetAmount":7750000,"incomeAmount":0,"_id":"5908d5f1dfebc40c5c08f858"},{"event":"151","expenditureAmount":281600,"budgetAmount":836336,"incomeAmount":-71963,"_id":"5908d5f1dfebc40c5c08f857"},{"event":"217","expenditureAmount":0,"budgetAmount":100000,"incomeAmount":0,"_id":"5908d5f1dfebc40c5c08f856"},{"event":"395","expenditureAmount":0,"budgetAmount":500000,"incomeAmount":0,"_id":"5908d5f1dfebc40c5c08f855"},{"event":"396","expenditureAmount":0,"budgetAmount":28000,"incomeAmount":0,"_id":"5908d5f1dfebc40c5c08f854"},{"event":"177","expenditureAmount":287000,"budgetAmount":287000,"incomeAmount":0,"_id":"5908d5f1dfebc40c5c08f853"},{"event":"166","expenditureAmount":0,"budgetAmount":28000,"incomeAmount":0,"_id":"5908d5f1dfebc40c5c08f852"}]},{"id":"5212","expenditureAmount":0,"budgetAmount":463000,"incomeAmount":0,"_id":"5908d5f1dfebc40c5c08f84f","events":[{"event":"152","expenditureAmount":0,"budgetAmount":463000,"incomeAmount":0,"_id":"5908d5f1dfebc40c5c08f850"}]},{"id":"3900","expenditureAmount":0,"budgetAmount":50000,"incomeAmount":0,"_id":"5908d5f1dfebc40c5c08f84d","events":[{"event":"157","expenditureAmount":0,"budgetAmount":50000,"incomeAmount":0,"_id":"5908d5f1dfebc40c5c08f84e"}]},{"id":"3299","expenditureAmount":367663.8,"budgetAmount":1158200,"incomeAmount":-15300,"_id":"5908d5f1dfebc40c5c08f849","events":[{"event":"160","expenditureAmount":290419.8,"budgetAmount":900000,"incomeAmount":0,"_id":"5908d5f1dfebc40c5c08f84c"},{"event":"386","expenditureAmount":77244,"budgetAmount":258200,"incomeAmount":-15300,"_id":"5908d5f1dfebc40c5c08f84b"},{"event":"164","expenditureAmount":0,"budgetAmount":0,"incomeAmount":0,"_id":"5908d5f1dfebc40c5c08f84a"}]},{"id":"4339","expenditureAmount":89935,"budgetAmount":200000,"incomeAmount":0,"_id":"5908d5f1dfebc40c5c08f847","events":[{"event":"165","expenditureAmount":89935,"budgetAmount":200000,"incomeAmount":0,"_id":"5908d5f1dfebc40c5c08f848"}]},{"id":"3111","expenditureAmount":1560800,"budgetAmount":4961350,"incomeAmount":-1089900,"_id":"5908d5f1dfebc40c5c08f845","events":[{"event":"171","expenditureAmount":1560800,"budgetAmount":4961350,"incomeAmount":-1089900,"_id":"5908d5f1dfebc40c5c08f846"}]},{"id":"4341","expenditureAmount":0,"budgetAmount":10000,"incomeAmount":0,"_id":"5908d5f1dfebc40c5c08f843","events":[{"event":"173","expenditureAmount":0,"budgetAmount":10000,"incomeAmount":0,"_id":"5908d5f1dfebc40c5c08f844"}]},{"id":"4343","expenditureAmount":10000,"budgetAmount":40000,"incomeAmount":0,"_id":"5908d5f1dfebc40c5c08f841","events":[{"event":"173","expenditureAmount":10000,"budgetAmount":40000,"incomeAmount":0,"_id":"5908d5f1dfebc40c5c08f842"}]},{"id":"1014","expenditureAmount":10000,"budgetAmount":110000,"incomeAmount":0,"_id":"5908d5f1dfebc40c5c08f83e","events":[{"event":"176","expenditureAmount":0,"budgetAmount":80000,"incomeAmount":0,"_id":"5908d5f1dfebc40c5c08f840"},{"event":"194","expenditureAmount":10000,"budgetAmount":30000,"incomeAmount":0,"_id":"5908d5f1dfebc40c5c08f83f"}]},{"id":"6399","expenditureAmount":10306931.779999996,"budgetAmount":15611559.25,"incomeAmount":-772,"_id":"5908d5f1dfebc40c5c08f83b","events":[{"event":"177","expenditureAmount":0,"budgetAmount":102000,"incomeAmount":0,"_id":"5908d5f1dfebc40c5c08f83d"},{"event":"200","expenditureAmount":10306931.779999996,"budgetAmount":15509559.25,"incomeAmount":-772,"_id":"5908d5f1dfebc40c5c08f83c"}]},{"id":"3412","expenditureAmount":2909471,"budgetAmount":6502000,"incomeAmount":0,"_id":"5908d5f1dfebc40c5c08f835","events":[{"event":"181","expenditureAmount":2475000,"budgetAmount":4950000,"incomeAmount":0,"_id":"5908d5f1dfebc40c5c08f83a"},{"event":"209","expenditureAmount":0,"budgetAmount":200000,"incomeAmount":0,"_id":"5908d5f1dfebc40c5c08f839"},{"event":"227","expenditureAmount":0,"budgetAmount":602000,"incomeAmount":0,"_id":"5908d5f1dfebc40c5c08f838"},{"event":"233","expenditureAmount":138280,"budgetAmount":350000,"incomeAmount":0,"_id":"5908d5f1dfebc40c5c08f837"},{"event":"273","expenditureAmount":296191,"budgetAmount":400000,"incomeAmount":0,"_id":"5908d5f1dfebc40c5c08f836"}]},{"id":"3733","expenditureAmount":0,"budgetAmount":10000,"incomeAmount":0,"_id":"5908d5f1dfebc40c5c08f833","events":[{"event":"194","expenditureAmount":0,"budgetAmount":10000,"incomeAmount":0,"_id":"5908d5f1dfebc40c5c08f834"}]},{"id":"3742","expenditureAmount":0,"budgetAmount":5000,"incomeAmount":0,"_id":"5908d5f1dfebc40c5c08f831","events":[{"event":"194","expenditureAmount":0,"budgetAmount":5000,"incomeAmount":0,"_id":"5908d5f1dfebc40c5c08f832"}]},{"id":"6223","expenditureAmount":0,"budgetAmount":5000,"incomeAmount":0,"_id":"5908d5f1dfebc40c5c08f82f","events":[{"event":"200","expenditureAmount":0,"budgetAmount":5000,"incomeAmount":0,"_id":"5908d5f1dfebc40c5c08f830"}]},{"id":"6310","expenditureAmount":27036.41,"budgetAmount":65000,"incomeAmount":-500855.92999999993,"_id":"5908d5f1dfebc40c5c08f82a","events":[{"event":"200","expenditureAmount":26419.41,"budgetAmount":65000,"incomeAmount":-500702.54,"_id":"5908d5f1dfebc40c5c08f82e"},{"event":"131","expenditureAmount":52,"budgetAmount":0,"incomeAmount":-3.3899999999999997,"_id":"5908d5f1dfebc40c5c08f82d"},{"event":"132","expenditureAmount":564,"budgetAmount":0,"incomeAmount":-125.01,"_id":"5908d5f1dfebc40c5c08f82c"},{"event":"154","expenditureAmount":1,"budgetAmount":0,"incomeAmount":-24.990000000000002,"_id":"5908d5f1dfebc40c5c08f82b"}]},{"id":"6320","expenditureAmount":84384,"budgetAmount":270000,"incomeAmount":-202796,"_id":"5908d5f1dfebc40c5c08f828","events":[{"event":"200","expenditureAmount":84384,"budgetAmount":270000,"incomeAmount":-202796,"_id":"5908d5f1dfebc40c5c08f829"}]},{"id":"6409","expenditureAmount":111471.59999999999,"budgetAmount":373000,"incomeAmount":-47000,"_id":"5908d5f1dfebc40c5c08f821","events":[{"event":"200","expenditureAmount":197412,"budgetAmount":303000,"incomeAmount":0,"_id":"5908d5f1dfebc40c5c08f827"},{"event":"360","expenditureAmount":29552.600000000002,"budgetAmount":70000,"incomeAmount":0,"_id":"5908d5f1dfebc40c5c08f826"},{"event":"124","expenditureAmount":0,"budgetAmount":0,"incomeAmount":0,"_id":"5908d5f1dfebc40c5c08f825"},{"event":"0","expenditureAmount":-154175,"budgetAmount":0,"incomeAmount":-47000,"_id":"5908d5f1dfebc40c5c08f824"},{"event":"246","expenditureAmount":24660,"budgetAmount":0,"incomeAmount":0,"_id":"5908d5f1dfebc40c5c08f823"},{"event":"131","expenditureAmount":14022,"budgetAmount":0,"incomeAmount":0,"_id":"5908d5f1dfebc40c5c08f822"}]},{"id":"2143","expenditureAmount":109175,"budgetAmount":250000,"incomeAmount":0,"_id":"5908d5f1dfebc40c5c08f81e","events":[{"event":"214","expenditureAmount":40000,"budgetAmount":50000,"incomeAmount":0,"_id":"5908d5f1dfebc40c5c08f820"},{"event":"291","expenditureAmount":69175,"budgetAmount":200000,"incomeAmount":0,"_id":"5908d5f1dfebc40c5c08f81f"}]},{"id":"3429","expenditureAmount":300638,"budgetAmount":467000,"incomeAmount":-602,"_id":"5908d5f1dfebc40c5c08f81a","events":[{"event":"223","expenditureAmount":638,"budgetAmount":67000,"incomeAmount":0,"_id":"5908d5f1dfebc40c5c08f81d"},{"event":"177","expenditureAmount":300000,"budgetAmount":300000,"incomeAmount":-602,"_id":"5908d5f1dfebc40c5c08f81c"},{"event":"163","expenditureAmount":0,"budgetAmount":100000,"incomeAmount":0,"_id":"5908d5f1dfebc40c5c08f81b"}]},{"id":"4349","expenditureAmount":0,"budgetAmount":10000,"incomeAmount":0,"_id":"5908d5f1dfebc40c5c08f818","events":[{"event":"245","expenditureAmount":0,"budgetAmount":10000,"incomeAmount":0,"_id":"5908d5f1dfebc40c5c08f819"}]},{"id":"3633","expenditureAmount":0,"budgetAmount":148000,"incomeAmount":0,"_id":"5908d5f1dfebc40c5c08f816","events":[{"event":"249","expenditureAmount":0,"budgetAmount":148000,"incomeAmount":0,"_id":"5908d5f1dfebc40c5c08f817"}]},{"id":"5399","expenditureAmount":56559,"budgetAmount":90000,"incomeAmount":0,"_id":"5908d5f1dfebc40c5c08f814","events":[{"event":"164","expenditureAmount":56559,"budgetAmount":90000,"incomeAmount":0,"_id":"5908d5f1dfebc40c5c08f815"}]},{"id":"4399","expenditureAmount":0,"budgetAmount":0,"incomeAmount":-160,"_id":"5908d5f1dfebc40c5c08f811","events":[{"event":"386","expenditureAmount":0,"budgetAmount":0,"incomeAmount":0,"_id":"5908d5f1dfebc40c5c08f813"},{"event":"173","expenditureAmount":0,"budgetAmount":0,"incomeAmount":-160,"_id":"5908d5f1dfebc40c5c08f812"}]},{"id":"5171","expenditureAmount":0,"budgetAmount":0,"incomeAmount":0,"_id":"5908d5f1dfebc40c5c08f80f","events":[{"event":"124","expenditureAmount":0,"budgetAmount":0,"incomeAmount":0,"_id":"5908d5f1dfebc40c5c08f810"}]},{"id":"6402","expenditureAmount":203221.68,"budgetAmount":204000,"incomeAmount":0,"_id":"5908d5f1dfebc40c5c08f80d","events":[{"event":"200","expenditureAmount":203221.68,"budgetAmount":204000,"incomeAmount":0,"_id":"5908d5f1dfebc40c5c08f80e"}]},{"id":"3419","expenditureAmount":2253000,"budgetAmount":2253000,"incomeAmount":0,"_id":"5908d5f1dfebc40c5c08f80b","events":[{"event":"177","expenditureAmount":2253000,"budgetAmount":2253000,"incomeAmount":0,"_id":"5908d5f1dfebc40c5c08f80c"}]},{"id":"3541","expenditureAmount":19000,"budgetAmount":19000,"incomeAmount":0,"_id":"5908d5f1dfebc40c5c08f809","events":[{"event":"177","expenditureAmount":19000,"budgetAmount":19000,"incomeAmount":0,"_id":"5908d5f1dfebc40c5c08f80a"}]},{"id":"4371","expenditureAmount":67000,"budgetAmount":67000,"incomeAmount":0,"_id":"5908d5f1dfebc40c5c08f807","events":[{"event":"177","expenditureAmount":67000,"budgetAmount":67000,"incomeAmount":0,"_id":"5908d5f1dfebc40c5c08f808"}]},{"id":"4379","expenditureAmount":54000,"budgetAmount":54000,"incomeAmount":0,"_id":"5908d5f1dfebc40c5c08f805","events":[{"event":"177","expenditureAmount":54000,"budgetAmount":54000,"incomeAmount":0,"_id":"5908d5f1dfebc40c5c08f806"}]},{"id":"3543","expenditureAmount":62000,"budgetAmount":62000,"incomeAmount":0,"_id":"5908d5f1dfebc40c5c08f803","events":[{"event":"177","expenditureAmount":62000,"budgetAmount":62000,"incomeAmount":0,"_id":"5908d5f1dfebc40c5c08f804"}]},{"id":"4359","expenditureAmount":185000,"budgetAmount":185000,"incomeAmount":0,"_id":"5908d5f1dfebc40c5c08f800","events":[{"event":"177","expenditureAmount":145000,"budgetAmount":145000,"incomeAmount":0,"_id":"5908d5f1dfebc40c5c08f802"},{"event":"323","expenditureAmount":40000,"budgetAmount":40000,"incomeAmount":0,"_id":"5908d5f1dfebc40c5c08f801"}]},{"id":"4374","expenditureAmount":13000,"budgetAmount":13000,"incomeAmount":0,"_id":"5908d5f1dfebc40c5c08f7fe","events":[{"event":"177","expenditureAmount":13000,"budgetAmount":13000,"incomeAmount":0,"_id":"5908d5f1dfebc40c5c08f7ff"}]},{"id":"3611","expenditureAmount":0,"budgetAmount":0,"incomeAmount":-49202,"_id":"5908d5f1dfebc40c5c08f7fc","events":[{"event":"132","expenditureAmount":0,"budgetAmount":0,"incomeAmount":-49202,"_id":"5908d5f1dfebc40c5c08f7fd"}]},{"id":"3727","expenditureAmount":0,"budgetAmount":0,"incomeAmount":-27601,"_id":"5908d5f1dfebc40c5c08f7fa","events":[{"event":"141","expenditureAmount":0,"budgetAmount":0,"incomeAmount":-27601,"_id":"5908d5f1dfebc40c5c08f7fb"}]},{"id":"2292","expenditureAmount":100265,"budgetAmount":1400000,"incomeAmount":0,"_id":"5908d5f1dfebc40c5c08f7f7","events":[{"event":"135","expenditureAmount":33921,"budgetAmount":450000,"incomeAmount":0,"_id":"5908d5f1dfebc40c5c08f7f9"},{"event":"246","expenditureAmount":66344,"budgetAmount":950000,"incomeAmount":0,"_id":"5908d5f1dfebc40c5c08f7f8"}]}]}