{"_id":"58b854de2b55cb29590af81d","profile":{"_id":"586c306447d31f11fdda05cb","url":"nmnm","name":"Nové Město na Moravě","entity":"596230"},"year":"2017","budgetAmount":258378055.00000003,"expenditureAmount":17555046.420000006,"__v":0,"paragraphs":[{"id":"6409","expenditureAmount":455736.9,"budgetAmount":373000,"_id":"58b854de2b55cb29590af908","events":[{"event":"360","expenditureAmount":14431.900000000001,"budgetAmount":70000,"_id":"58b854de2b55cb29590af90e"},{"event":"246","expenditureAmount":24660,"budgetAmount":0,"_id":"58b854de2b55cb29590af90d"},{"event":"124","expenditureAmount":231742,"budgetAmount":0,"_id":"58b854de2b55cb29590af90c"},{"event":"200","expenditureAmount":162144,"budgetAmount":303000,"_id":"58b854de2b55cb29590af90b"},{"event":"131","expenditureAmount":11320,"budgetAmount":0,"_id":"58b854de2b55cb29590af90a"},{"event":"0","expenditureAmount":11439,"budgetAmount":0,"_id":"58b854de2b55cb29590af909"}]},{"id":"6171","expenditureAmount":1463676.5599999998,"budgetAmount":42454000,"_id":"58b854de2b55cb29590af8fe","events":[{"event":"208","expenditureAmount":730457.3499999999,"budgetAmount":3305000,"_id":"58b854de2b55cb29590af907"},{"event":"124","expenditureAmount":911300.21,"budgetAmount":36903800,"_id":"58b854de2b55cb29590af906"},{"event":"0","expenditureAmount":-188723,"budgetAmount":0,"_id":"58b854de2b55cb29590af905"},{"event":"114","expenditureAmount":5242,"budgetAmount":0,"_id":"58b854de2b55cb29590af904"},{"event":"165","expenditureAmount":0,"budgetAmount":0,"_id":"58b854de2b55cb29590af903"},{"event":"131","expenditureAmount":5400,"budgetAmount":689800,"_id":"58b854de2b55cb29590af902"},{"event":"161","expenditureAmount":0,"budgetAmount":100000,"_id":"58b854de2b55cb29590af901"},{"event":"213","expenditureAmount":0,"budgetAmount":55000,"_id":"58b854de2b55cb29590af900"},{"event":"222","expenditureAmount":0,"budgetAmount":1400400,"_id":"58b854de2b55cb29590af8ff"}]},{"id":"3612","expenditureAmount":1025808.5399999998,"budgetAmount":38688300,"_id":"58b854de2b55cb29590af8f9","events":[{"event":"126","expenditureAmount":699754.74,"budgetAmount":13099300,"_id":"58b854de2b55cb29590af8fd"},{"event":"392","expenditureAmount":246021.8,"budgetAmount":23938000,"_id":"58b854de2b55cb29590af8fc"},{"event":"219","expenditureAmount":80032,"budgetAmount":1205000,"_id":"58b854de2b55cb29590af8fb"},{"event":"134","expenditureAmount":0,"budgetAmount":446000,"_id":"58b854de2b55cb29590af8fa"}]},{"id":"3613","expenditureAmount":654435.26,"budgetAmount":5772500,"_id":"58b854de2b55cb29590af8f2","events":[{"event":"299","expenditureAmount":517546.33,"budgetAmount":4408500,"_id":"58b854de2b55cb29590af8f8"},{"event":"122","expenditureAmount":116888.93,"budgetAmount":934000,"_id":"58b854de2b55cb29590af8f7"},{"event":"254","expenditureAmount":20000,"budgetAmount":20000,"_id":"58b854de2b55cb29590af8f6"},{"event":"313","expenditureAmount":0,"budgetAmount":250000,"_id":"58b854de2b55cb29590af8f5"},{"event":"119","expenditureAmount":0,"budgetAmount":70000,"_id":"58b854de2b55cb29590af8f4"},{"event":"164","expenditureAmount":0,"budgetAmount":90000,"_id":"58b854de2b55cb29590af8f3"}]},{"id":"5311","expenditureAmount":34564.14999999999,"budgetAmount":3714100,"_id":"58b854de2b55cb29590af8ef","events":[{"event":"123","expenditureAmount":34564.14999999999,"budgetAmount":3694100,"_id":"58b854de2b55cb29590af8f1"},{"event":"322","expenditureAmount":0,"budgetAmount":20000,"_id":"58b854de2b55cb29590af8f0"}]},{"id":"3639","expenditureAmount":54345.119999999995,"budgetAmount":5065800,"_id":"58b854de2b55cb29590af8e6","events":[{"event":"147","expenditureAmount":21731.989999999998,"budgetAmount":228800,"_id":"58b854de2b55cb29590af8ee"},{"event":"133","expenditureAmount":32613.13,"budgetAmount":333000,"_id":"58b854de2b55cb29590af8ed"},{"event":"127","expenditureAmount":0,"budgetAmount":920000,"_id":"58b854de2b55cb29590af8ec"},{"event":"200","expenditureAmount":0,"budgetAmount":125000,"_id":"58b854de2b55cb29590af8eb"},{"event":"267","expenditureAmount":0,"budgetAmount":1600000,"_id":"58b854de2b55cb29590af8ea"},{"event":"301","expenditureAmount":0,"budgetAmount":200000,"_id":"58b854de2b55cb29590af8e9"},{"event":"138","expenditureAmount":0,"budgetAmount":25000,"_id":"58b854de2b55cb29590af8e8"},{"event":"319","expenditureAmount":0,"budgetAmount":1634000,"_id":"58b854de2b55cb29590af8e7"}]},{"id":"3299","expenditureAmount":33150.14,"budgetAmount":1158200,"_id":"58b854de2b55cb29590af8e3","events":[{"event":"160","expenditureAmount":30898.140000000003,"budgetAmount":900000,"_id":"58b854de2b55cb29590af8e5"},{"event":"386","expenditureAmount":2252,"budgetAmount":258200,"_id":"58b854de2b55cb29590af8e4"}]},{"id":"3399","expenditureAmount":105979,"budgetAmount":417000,"_id":"58b854de2b55cb29590af8e0","events":[{"event":"119","expenditureAmount":35979,"budgetAmount":347000,"_id":"58b854de2b55cb29590af8e2"},{"event":"177","expenditureAmount":70000,"budgetAmount":70000,"_id":"58b854de2b55cb29590af8e1"}]},{"id":"3745","expenditureAmount":200813.13000000003,"budgetAmount":4885300,"_id":"58b854de2b55cb29590af8d8","events":[{"event":"113","expenditureAmount":8620,"budgetAmount":143000,"_id":"58b854de2b55cb29590af8df"},{"event":"121","expenditureAmount":2154,"budgetAmount":60000,"_id":"58b854de2b55cb29590af8de"},{"event":"232","expenditureAmount":100039.13,"budgetAmount":852000,"_id":"58b854de2b55cb29590af8dd"},{"event":"311","expenditureAmount":90000,"budgetAmount":250000,"_id":"58b854de2b55cb29590af8dc"},{"event":"230","expenditureAmount":0,"budgetAmount":2611300,"_id":"58b854de2b55cb29590af8db"},{"event":"231","expenditureAmount":0,"budgetAmount":879000,"_id":"58b854de2b55cb29590af8da"},{"event":"125","expenditureAmount":0,"budgetAmount":90000,"_id":"58b854de2b55cb29590af8d9"}]},{"id":"3421","expenditureAmount":429220,"budgetAmount":10683000,"_id":"58b854de2b55cb29590af8d0","events":[{"event":"146","expenditureAmount":1420,"budgetAmount":1173000,"_id":"58b854de2b55cb29590af8d7"},{"event":"151","expenditureAmount":140800,"budgetAmount":845000,"_id":"58b854de2b55cb29590af8d6"},{"event":"177","expenditureAmount":287000,"budgetAmount":287000,"_id":"58b854de2b55cb29590af8d5"},{"event":"395","expenditureAmount":0,"budgetAmount":500000,"_id":"58b854de2b55cb29590af8d4"},{"event":"149","expenditureAmount":0,"budgetAmount":7750000,"_id":"58b854de2b55cb29590af8d3"},{"event":"217","expenditureAmount":0,"budgetAmount":100000,"_id":"58b854de2b55cb29590af8d2"},{"event":"396","expenditureAmount":0,"budgetAmount":28000,"_id":"58b854de2b55cb29590af8d1"}]},{"id":"2310","expenditureAmount":1012000,"budgetAmount":1382000,"_id":"58b854de2b55cb29590af8cc","events":[{"event":"100","expenditureAmount":1012000,"budgetAmount":1049000,"_id":"58b854de2b55cb29590af8cf"},{"event":"326","expenditureAmount":0,"budgetAmount":273000,"_id":"58b854de2b55cb29590af8ce"},{"event":"294","expenditureAmount":0,"budgetAmount":60000,"_id":"58b854de2b55cb29590af8cd"}]},{"id":"2219","expenditureAmount":341145,"budgetAmount":16445200,"_id":"58b854de2b55cb29590af8ba","events":[{"event":"115","expenditureAmount":60000,"budgetAmount":250000,"_id":"58b854de2b55cb29590af8cb"},{"event":"140","expenditureAmount":281145,"budgetAmount":1741000,"_id":"58b854de2b55cb29590af8ca"},{"event":"135","expenditureAmount":0,"budgetAmount":829000,"_id":"58b854de2b55cb29590af8c9"},{"event":"216","expenditureAmount":0,"budgetAmount":323200,"_id":"58b854de2b55cb29590af8c8"},{"event":"321","expenditureAmount":0,"budgetAmount":500000,"_id":"58b854de2b55cb29590af8c7"},{"event":"269","expenditureAmount":0,"budgetAmount":50000,"_id":"58b854de2b55cb29590af8c6"},{"event":"391","expenditureAmount":0,"budgetAmount":147000,"_id":"58b854de2b55cb29590af8c5"},{"event":"270","expenditureAmount":0,"budgetAmount":60000,"_id":"58b854de2b55cb29590af8c4"},{"event":"271","expenditureAmount":0,"budgetAmount":50000,"_id":"58b854de2b55cb29590af8c3"},{"event":"387","expenditureAmount":0,"budgetAmount":95000,"_id":"58b854de2b55cb29590af8c2"},{"event":"158","expenditureAmount":0,"budgetAmount":268000,"_id":"58b854de2b55cb29590af8c1"},{"event":"338","expenditureAmount":0,"budgetAmount":90000,"_id":"58b854de2b55cb29590af8c0"},{"event":"159","expenditureAmount":0,"budgetAmount":4600000,"_id":"58b854de2b55cb29590af8bf"},{"event":"348","expenditureAmount":0,"budgetAmount":100000,"_id":"58b854de2b55cb29590af8be"},{"event":"263","expenditureAmount":0,"budgetAmount":130000,"_id":"58b854de2b55cb29590af8bd"},{"event":"308","expenditureAmount":0,"budgetAmount":2000000,"_id":"58b854de2b55cb29590af8bc"},{"event":"344","expenditureAmount":0,"budgetAmount":5212000,"_id":"58b854de2b55cb29590af8bb"}]},{"id":"6399","expenditureAmount":291838.50999999995,"budgetAmount":15892387,"_id":"58b854de2b55cb29590af8b7","events":[{"event":"200","expenditureAmount":291838.50999999995,"budgetAmount":15790387,"_id":"58b854de2b55cb29590af8b9"},{"event":"177","expenditureAmount":0,"budgetAmount":102000,"_id":"58b854de2b55cb29590af8b8"}]},{"id":"5512","expenditureAmount":30040.08,"budgetAmount":2871600,"_id":"58b854de2b55cb29590af8b1","events":[{"event":"122","expenditureAmount":30040.08,"budgetAmount":2081600,"_id":"58b854de2b55cb29590af8b6"},{"event":"278","expenditureAmount":0,"budgetAmount":220000,"_id":"58b854de2b55cb29590af8b5"},{"event":"275","expenditureAmount":0,"budgetAmount":150000,"_id":"58b854de2b55cb29590af8b4"},{"event":"276","expenditureAmount":0,"budgetAmount":250000,"_id":"58b854de2b55cb29590af8b3"},{"event":"261","expenditureAmount":0,"budgetAmount":170000,"_id":"58b854de2b55cb29590af8b2"}]},{"id":"1036","expenditureAmount":245767,"budgetAmount":1938818,"_id":"58b854de2b55cb29590af8ae","events":[{"event":"144","expenditureAmount":245767,"budgetAmount":1625000,"_id":"58b854de2b55cb29590af8b0"},{"event":"194","expenditureAmount":0,"budgetAmount":313818,"_id":"58b854de2b55cb29590af8af"}]},{"id":"3632","expenditureAmount":151448.56,"budgetAmount":730000,"_id":"58b854de2b55cb29590af8ac","events":[{"event":"137","expenditureAmount":151448.56,"budgetAmount":730000,"_id":"58b854de2b55cb29590af8ad"}]},{"id":"2141","expenditureAmount":1410,"budgetAmount":83000,"_id":"58b854de2b55cb29590af8aa","events":[{"event":"130","expenditureAmount":1410,"budgetAmount":83000,"_id":"58b854de2b55cb29590af8ab"}]},{"id":"3631","expenditureAmount":228852,"budgetAmount":2495000,"_id":"58b854de2b55cb29590af8a7","events":[{"event":"136","expenditureAmount":228852,"budgetAmount":2245000,"_id":"58b854de2b55cb29590af8a9"},{"event":"293","expenditureAmount":0,"budgetAmount":250000,"_id":"58b854de2b55cb29590af8a8"}]},{"id":"3635","expenditureAmount":2400,"budgetAmount":265000,"_id":"58b854de2b55cb29590af8a4","events":[{"event":"127","expenditureAmount":2400,"budgetAmount":6000,"_id":"58b854de2b55cb29590af8a6"},{"event":"363","expenditureAmount":0,"budgetAmount":259000,"_id":"58b854de2b55cb29590af8a5"}]},{"id":"3429","expenditureAmount":218520,"budgetAmount":367000,"_id":"58b854de2b55cb29590af8a1","events":[{"event":"223","expenditureAmount":520,"budgetAmount":67000,"_id":"58b854de2b55cb29590af8a3"},{"event":"177","expenditureAmount":218000,"budgetAmount":300000,"_id":"58b854de2b55cb29590af8a2"}]},{"id":"4356","expenditureAmount":381600,"budgetAmount":2289700,"_id":"58b854de2b55cb29590af89f","events":[{"event":"118","expenditureAmount":381600,"budgetAmount":2289700,"_id":"58b854de2b55cb29590af8a0"}]},{"id":"3113","expenditureAmount":1744000,"budgetAmount":9957000,"_id":"58b854de2b55cb29590af899","events":[{"event":"106","expenditureAmount":690800,"budgetAmount":4145000,"_id":"58b854de2b55cb29590af89e"},{"event":"107","expenditureAmount":1036200,"budgetAmount":4395000,"_id":"58b854de2b55cb29590af89d"},{"event":"177","expenditureAmount":17000,"budgetAmount":17000,"_id":"58b854de2b55cb29590af89c"},{"event":"274","expenditureAmount":0,"budgetAmount":1400000,"_id":"58b854de2b55cb29590af89b"},{"event":"171","expenditureAmount":0,"budgetAmount":0,"_id":"58b854de2b55cb29590af89a"}]},{"id":"3392","expenditureAmount":1771800,"budgetAmount":10877300,"_id":"58b854de2b55cb29590af897","events":[{"event":"120","expenditureAmount":1771800,"budgetAmount":10877300,"_id":"58b854de2b55cb29590af898"}]},{"id":"4351","expenditureAmount":1071500,"budgetAmount":6606500,"_id":"58b854de2b55cb29590af895","events":[{"event":"134","expenditureAmount":1071500,"budgetAmount":6606500,"_id":"58b854de2b55cb29590af896"}]},{"id":"3111","expenditureAmount":780400,"budgetAmount":5381750,"_id":"58b854de2b55cb29590af893","events":[{"event":"171","expenditureAmount":780400,"budgetAmount":5381750,"_id":"58b854de2b55cb29590af894"}]},{"id":"2212","expenditureAmount":566915,"budgetAmount":14108500,"_id":"58b854de2b55cb29590af887","events":[{"event":"140","expenditureAmount":566915,"budgetAmount":2044000,"_id":"58b854de2b55cb29590af892"},{"event":"216","expenditureAmount":0,"budgetAmount":951500,"_id":"58b854de2b55cb29590af891"},{"event":"135","expenditureAmount":0,"budgetAmount":8171000,"_id":"58b854de2b55cb29590af890"},{"event":"241","expenditureAmount":0,"budgetAmount":1500000,"_id":"58b854de2b55cb29590af88f"},{"event":"287","expenditureAmount":0,"budgetAmount":300000,"_id":"58b854de2b55cb29590af88e"},{"event":"207","expenditureAmount":0,"budgetAmount":500000,"_id":"58b854de2b55cb29590af88d"},{"event":"247","expenditureAmount":0,"budgetAmount":290000,"_id":"58b854de2b55cb29590af88c"},{"event":"307","expenditureAmount":0,"budgetAmount":100000,"_id":"58b854de2b55cb29590af88b"},{"event":"305","expenditureAmount":0,"budgetAmount":40000,"_id":"58b854de2b55cb29590af88a"},{"event":"368","expenditureAmount":0,"budgetAmount":117000,"_id":"58b854de2b55cb29590af889"},{"event":"371","expenditureAmount":0,"budgetAmount":95000,"_id":"58b854de2b55cb29590af888"}]},{"id":"3412","expenditureAmount":1528991,"budgetAmount":6502000,"_id":"58b854de2b55cb29590af881","events":[{"event":"181","expenditureAmount":1237500,"budgetAmount":4950000,"_id":"58b854de2b55cb29590af886"},{"event":"273","expenditureAmount":291491,"budgetAmount":400000,"_id":"58b854de2b55cb29590af885"},{"event":"227","expenditureAmount":0,"budgetAmount":602000,"_id":"58b854de2b55cb29590af884"},{"event":"209","expenditureAmount":0,"budgetAmount":200000,"_id":"58b854de2b55cb29590af883"},{"event":"233","expenditureAmount":0,"budgetAmount":350000,"_id":"58b854de2b55cb29590af882"}]},{"id":"6320","expenditureAmount":171785,"budgetAmount":270000,"_id":"58b854de2b55cb29590af87f","events":[{"event":"200","expenditureAmount":171785,"budgetAmount":270000,"_id":"58b854de2b55cb29590af880"}]},{"id":"3722","expenditureAmount":677834.81,"budgetAmount":8840000,"_id":"58b854de2b55cb29590af87b","events":[{"event":"121","expenditureAmount":32512,"budgetAmount":440000,"_id":"58b854de2b55cb29590af87e"},{"event":"141","expenditureAmount":625239,"budgetAmount":8250000,"_id":"58b854de2b55cb29590af87d"},{"event":"137","expenditureAmount":20083.809999999998,"budgetAmount":150000,"_id":"58b854de2b55cb29590af87c"}]},{"id":"2143","expenditureAmount":31497,"budgetAmount":250000,"_id":"58b854de2b55cb29590af878","events":[{"event":"291","expenditureAmount":31497,"budgetAmount":200000,"_id":"58b854de2b55cb29590af87a"},{"event":"214","expenditureAmount":0,"budgetAmount":50000,"_id":"58b854de2b55cb29590af879"}]},{"id":"5171","expenditureAmount":180,"budgetAmount":0,"_id":"58b854de2b55cb29590af876","events":[{"event":"124","expenditureAmount":180,"budgetAmount":0,"_id":"58b854de2b55cb29590af877"}]},{"id":"3326","expenditureAmount":11500,"budgetAmount":400000,"_id":"58b854de2b55cb29590af871","events":[{"event":"336","expenditureAmount":11500,"budgetAmount":65000,"_id":"58b854de2b55cb29590af875"},{"event":"119","expenditureAmount":0,"budgetAmount":45000,"_id":"58b854de2b55cb29590af874"},{"event":"332","expenditureAmount":0,"budgetAmount":240000,"_id":"58b854de2b55cb29590af873"},{"event":"331","expenditureAmount":0,"budgetAmount":50000,"_id":"58b854de2b55cb29590af872"}]},{"id":"6112","expenditureAmount":1985.98,"budgetAmount":2273600,"_id":"58b854de2b55cb29590af86f","events":[{"event":"124","expenditureAmount":1985.98,"budgetAmount":2273600,"_id":"58b854de2b55cb29590af870"}]},{"id":"6402","expenditureAmount":203221.68,"budgetAmount":0,"_id":"58b854de2b55cb29590af86d","events":[{"event":"200","expenditureAmount":203221.68,"budgetAmount":0,"_id":"58b854de2b55cb29590af86e"}]},{"id":"2229","expenditureAmount":22157,"budgetAmount":335000,"_id":"58b854de2b55cb29590af86a","events":[{"event":"135","expenditureAmount":22157,"budgetAmount":315000,"_id":"58b854de2b55cb29590af86c"},{"event":"140","expenditureAmount":0,"budgetAmount":20000,"_id":"58b854de2b55cb29590af86b"}]},{"id":"2119","expenditureAmount":8129,"budgetAmount":7599500,"_id":"58b854de2b55cb29590af868","events":[{"event":"145","expenditureAmount":8129,"budgetAmount":7599500,"_id":"58b854de2b55cb29590af869"}]},{"id":"2221","expenditureAmount":1869,"budgetAmount":1617200,"_id":"58b854de2b55cb29590af864","events":[{"event":"135","expenditureAmount":1869,"budgetAmount":624200,"_id":"58b854de2b55cb29590af867"},{"event":"246","expenditureAmount":0,"budgetAmount":950000,"_id":"58b854de2b55cb29590af866"},{"event":"183","expenditureAmount":0,"budgetAmount":43000,"_id":"58b854de2b55cb29590af865"}]},{"id":"3419","expenditureAmount":1059000,"budgetAmount":2253000,"_id":"58b854de2b55cb29590af862","events":[{"event":"177","expenditureAmount":1059000,"budgetAmount":2253000,"_id":"58b854de2b55cb29590af863"}]},{"id":"3541","expenditureAmount":19000,"budgetAmount":19000,"_id":"58b854de2b55cb29590af860","events":[{"event":"177","expenditureAmount":19000,"budgetAmount":19000,"_id":"58b854de2b55cb29590af861"}]},{"id":"4379","expenditureAmount":54000,"budgetAmount":54000,"_id":"58b854de2b55cb29590af85e","events":[{"event":"177","expenditureAmount":54000,"budgetAmount":54000,"_id":"58b854de2b55cb29590af85f"}]},{"id":"4371","expenditureAmount":67000,"budgetAmount":67000,"_id":"58b854de2b55cb29590af85c","events":[{"event":"177","expenditureAmount":67000,"budgetAmount":67000,"_id":"58b854de2b55cb29590af85d"}]},{"id":"3543","expenditureAmount":62000,"budgetAmount":62000,"_id":"58b854de2b55cb29590af85a","events":[{"event":"177","expenditureAmount":62000,"budgetAmount":62000,"_id":"58b854de2b55cb29590af85b"}]},{"id":"2321","expenditureAmount":5331,"budgetAmount":19377000,"_id":"58b854de2b55cb29590af852","events":[{"event":"100","expenditureAmount":5331,"budgetAmount":627000,"_id":"58b854de2b55cb29590af859"},{"event":"325","expenditureAmount":0,"budgetAmount":40000,"_id":"58b854de2b55cb29590af858"},{"event":"380","expenditureAmount":0,"budgetAmount":1720000,"_id":"58b854de2b55cb29590af857"},{"event":"265","expenditureAmount":0,"budgetAmount":4340000,"_id":"58b854de2b55cb29590af856"},{"event":"264","expenditureAmount":0,"budgetAmount":50000,"_id":"58b854de2b55cb29590af855"},{"event":"266","expenditureAmount":0,"budgetAmount":2400000,"_id":"58b854de2b55cb29590af854"},{"event":"282","expenditureAmount":0,"budgetAmount":10200000,"_id":"58b854de2b55cb29590af853"}]},{"id":"3319","expenditureAmount":171000,"budgetAmount":545000,"_id":"58b854de2b55cb29590af84f","events":[{"event":"177","expenditureAmount":171000,"budgetAmount":171000,"_id":"58b854de2b55cb29590af851"},{"event":"119","expenditureAmount":0,"budgetAmount":374000,"_id":"58b854de2b55cb29590af850"}]},{"id":"4359","expenditureAmount":145000,"budgetAmount":185000,"_id":"58b854de2b55cb29590af84d","events":[{"event":"177","expenditureAmount":145000,"budgetAmount":185000,"_id":"58b854de2b55cb29590af84e"}]},{"id":"4374","expenditureAmount":13000,"budgetAmount":13000,"_id":"58b854de2b55cb29590af84b","events":[{"event":"177","expenditureAmount":13000,"budgetAmount":13000,"_id":"58b854de2b55cb29590af84c"}]},{"id":"4339","expenditureAmount":3200,"budgetAmount":192000,"_id":"58b854de2b55cb29590af849","events":[{"event":"165","expenditureAmount":3200,"budgetAmount":192000,"_id":"58b854de2b55cb29590af84a"}]},{"id":"3633","expenditureAmount":0,"budgetAmount":148000,"_id":"58b854de2b55cb29590af847","events":[{"event":"249","expenditureAmount":0,"budgetAmount":148000,"_id":"58b854de2b55cb29590af848"}]},{"id":"3322","expenditureAmount":0,"budgetAmount":330000,"_id":"58b854de2b55cb29590af844","events":[{"event":"394","expenditureAmount":0,"budgetAmount":250000,"_id":"58b854de2b55cb29590af846"},{"event":"119","expenditureAmount":0,"budgetAmount":80000,"_id":"58b854de2b55cb29590af845"}]},{"id":"3349","expenditureAmount":0,"budgetAmount":139000,"_id":"58b854de2b55cb29590af842","events":[{"event":"128","expenditureAmount":0,"budgetAmount":139000,"_id":"58b854de2b55cb29590af843"}]},{"id":"6223","expenditureAmount":0,"budgetAmount":5000,"_id":"58b854de2b55cb29590af840","events":[{"event":"200","expenditureAmount":0,"budgetAmount":5000,"_id":"58b854de2b55cb29590af841"}]},{"id":"6310","expenditureAmount":0,"budgetAmount":65000,"_id":"58b854de2b55cb29590af83e","events":[{"event":"200","expenditureAmount":0,"budgetAmount":65000,"_id":"58b854de2b55cb29590af83f"}]},{"id":"3900","expenditureAmount":0,"budgetAmount":50000,"_id":"58b854de2b55cb29590af83c","events":[{"event":"157","expenditureAmount":0,"budgetAmount":50000,"_id":"58b854de2b55cb29590af83d"}]},{"id":"3726","expenditureAmount":0,"budgetAmount":50000,"_id":"58b854de2b55cb29590af83a","events":[{"event":"141","expenditureAmount":0,"budgetAmount":50000,"_id":"58b854de2b55cb29590af83b"}]},{"id":"3728","expenditureAmount":0,"budgetAmount":40000,"_id":"58b854de2b55cb29590af838","events":[{"event":"101","expenditureAmount":0,"budgetAmount":40000,"_id":"58b854de2b55cb29590af839"}]},{"id":"3729","expenditureAmount":0,"budgetAmount":20000,"_id":"58b854de2b55cb29590af836","events":[{"event":"101","expenditureAmount":0,"budgetAmount":20000,"_id":"58b854de2b55cb29590af837"}]},{"id":"3733","expenditureAmount":0,"budgetAmount":10000,"_id":"58b854de2b55cb29590af834","events":[{"event":"194","expenditureAmount":0,"budgetAmount":10000,"_id":"58b854de2b55cb29590af835"}]},{"id":"3742","expenditureAmount":0,"budgetAmount":5000,"_id":"58b854de2b55cb29590af832","events":[{"event":"194","expenditureAmount":0,"budgetAmount":5000,"_id":"58b854de2b55cb29590af833"}]},{"id":"4341","expenditureAmount":0,"budgetAmount":10000,"_id":"58b854de2b55cb29590af830","events":[{"event":"173","expenditureAmount":0,"budgetAmount":10000,"_id":"58b854de2b55cb29590af831"}]},{"id":"4343","expenditureAmount":0,"budgetAmount":40000,"_id":"58b854de2b55cb29590af82e","events":[{"event":"173","expenditureAmount":0,"budgetAmount":40000,"_id":"58b854de2b55cb29590af82f"}]},{"id":"4349","expenditureAmount":0,"budgetAmount":10000,"_id":"58b854de2b55cb29590af82c","events":[{"event":"245","expenditureAmount":0,"budgetAmount":10000,"_id":"58b854de2b55cb29590af82d"}]},{"id":"5212","expenditureAmount":0,"budgetAmount":463000,"_id":"58b854de2b55cb29590af82a","events":[{"event":"152","expenditureAmount":0,"budgetAmount":463000,"_id":"58b854de2b55cb29590af82b"}]},{"id":"2223","expenditureAmount":0,"budgetAmount":125000,"_id":"58b854de2b55cb29590af827","events":[{"event":"168","expenditureAmount":0,"budgetAmount":40000,"_id":"58b854de2b55cb29590af829"},{"event":"135","expenditureAmount":0,"budgetAmount":85000,"_id":"58b854de2b55cb29590af828"}]},{"id":"2341","expenditureAmount":0,"budgetAmount":756800,"_id":"58b854de2b55cb29590af825","events":[{"event":"100","expenditureAmount":0,"budgetAmount":756800,"_id":"58b854de2b55cb29590af826"}]},{"id":"1037","expenditureAmount":0,"budgetAmount":200000,"_id":"58b854de2b55cb29590af823","events":[{"event":"144","expenditureAmount":0,"budgetAmount":200000,"_id":"58b854de2b55cb29590af824"}]},{"id":"1014","expenditureAmount":0,"budgetAmount":110000,"_id":"58b854de2b55cb29590af820","events":[{"event":"176","expenditureAmount":0,"budgetAmount":80000,"_id":"58b854de2b55cb29590af822"},{"event":"194","expenditureAmount":0,"budgetAmount":30000,"_id":"58b854de2b55cb29590af821"}]},{"id":"1032","expenditureAmount":0,"budgetAmount":45000,"_id":"58b854de2b55cb29590af81e","events":[{"event":"144","expenditureAmount":0,"budgetAmount":45000,"_id":"58b854de2b55cb29590af81f"}]}]}