{"_id":"586fbd53afe5f06e921acde3","profile":{"_id":"586c306447d31f11fdda05cb","url":"nmnm","name":"Nové Město na Moravě","entity":"596230"},"year":"2016","budgetAmount":252226181,"expenditureAmount":152126556,"__v":0,"paragraphs":[{"id":"1014","expenditureAmount":10000,"budgetAmount":110000,"_id":"586fbd53afe5f06e921acf19","events":[{"event":"586fb8cd1d904e6d0e6f57a8","name":"Deratizace","expenditureAmount":0,"budgetAmount":100000,"_id":"586fbd53afe5f06e921acf1b"},{"event":"586fb8cd1d904e6d0e6f57a9","name":"Vodní hospodářství a životní prostředí - státní správa","expenditureAmount":10000,"budgetAmount":10000,"_id":"586fbd53afe5f06e921acf1a"}]},{"id":"1031","expenditureAmount":18550,"budgetAmount":26150,"_id":"586fbd53afe5f06e921acf17","events":[{"event":"586fb8cd1d904e6d0e6f57aa","name":"Lesní hospodářství","expenditureAmount":18550,"budgetAmount":26150,"_id":"586fbd53afe5f06e921acf18"}]},{"id":"1032","expenditureAmount":133281,"budgetAmount":164480,"_id":"586fbd53afe5f06e921acf15","events":[{"event":"586fb8cd1d904e6d0e6f57aa","name":"Lesní hospodářství","expenditureAmount":133281,"budgetAmount":164480,"_id":"586fbd53afe5f06e921acf16"}]},{"id":"1036","expenditureAmount":1525790,"budgetAmount":2333594,"_id":"586fbd53afe5f06e921acf13","events":[{"event":"586fb8cd1d904e6d0e6f57aa","name":"Lesní hospodářství","expenditureAmount":1525790,"budgetAmount":2333594,"_id":"586fbd53afe5f06e921acf14"}]},{"id":"1037","expenditureAmount":0,"budgetAmount":224500,"_id":"586fbd53afe5f06e921acf11","events":[{"event":"586fb8cd1d904e6d0e6f57aa","name":"Lesní hospodářství","expenditureAmount":0,"budgetAmount":224500,"_id":"586fbd53afe5f06e921acf12"}]},{"id":"2116","expenditureAmount":0,"budgetAmount":0,"_id":"586fbd53afe5f06e921acf0f","events":[{"event":"586fb8cd1d904e6d0e6f57ab","name":"Kamenolom","expenditureAmount":0,"budgetAmount":0,"_id":"586fbd53afe5f06e921acf10"}]},{"id":"2119","expenditureAmount":4505080,"budgetAmount":7123800,"_id":"586fbd53afe5f06e921acf0d","events":[{"event":"586fb8cd1d904e6d0e6f57ab","name":"Kamenolom","expenditureAmount":4505080,"budgetAmount":7123800,"_id":"586fbd53afe5f06e921acf0e"}]},{"id":"2141","expenditureAmount":56104,"budgetAmount":83000,"_id":"586fbd53afe5f06e921acf0a","events":[{"event":"586fb8cd1d904e6d0e6f57ac","name":"Tržnice","expenditureAmount":56104,"budgetAmount":83000,"_id":"586fbd53afe5f06e921acf0c"},{"event":"586fb8cd1d904e6d0e6f57ad","name":"Farmářské trhy","expenditureAmount":0,"budgetAmount":0,"_id":"586fbd53afe5f06e921acf0b"}]},{"id":"2143","expenditureAmount":152800,"budgetAmount":270000,"_id":"586fbd53afe5f06e921acf05","events":[{"event":"586fb8cd1d904e6d0e6f57ae","name":"Vnitřní správa","expenditureAmount":0,"budgetAmount":0,"_id":"586fbd53afe5f06e921acf09"},{"event":"586fb8cd1d904e6d0e6f57af","name":"","expenditureAmount":0,"budgetAmount":0,"_id":"586fbd53afe5f06e921acf08"},{"event":"586fb8cd1d904e6d0e6f57b0","name":"Destinace cestovního ruchu Novoměstsko","expenditureAmount":15000,"budgetAmount":20000,"_id":"586fbd53afe5f06e921acf07"},{"event":"586fb8cd1d904e6d0e6f57b1","name":"Propagace singltreků Novoměstsko","expenditureAmount":137800,"budgetAmount":250000,"_id":"586fbd53afe5f06e921acf06"}]},{"id":"2144","expenditureAmount":3530,"budgetAmount":0,"_id":"586fbd53afe5f06e921acf03","events":[{"event":"586fb8cd1d904e6d0e6f57b2","name":"Veřejné osvětlení","expenditureAmount":3530,"budgetAmount":0,"_id":"586fbd53afe5f06e921acf04"}]},{"id":"2169","expenditureAmount":0,"budgetAmount":0,"_id":"586fbd53afe5f06e921acf00","events":[{"event":"586fb8cd1d904e6d0e6f57b3","name":"Ostatní","expenditureAmount":0,"budgetAmount":0,"_id":"586fbd53afe5f06e921acf02"},{"event":"586fb8cd1d904e6d0e6f57ae","name":"Vnitřní správa","expenditureAmount":0,"budgetAmount":0,"_id":"586fbd53afe5f06e921acf01"}]},{"id":"2212","expenditureAmount":4770933,"budgetAmount":11669921,"_id":"586fbd53afe5f06e921acef3","events":[{"event":"586fb8cd1d904e6d0e6f57b4","name":"Doprava","expenditureAmount":1101380,"budgetAmount":3475000,"_id":"586fbd53afe5f06e921aceff"},{"event":"586fb8d81d904e6d0e6f5831","name":"Zimní údržba","expenditureAmount":1276124,"budgetAmount":2032000,"_id":"586fbd53afe5f06e921acefe"},{"event":"586fb8d81d904e6d0e6f5832","name":"Olešná - místní komunikace Bobrovská","expenditureAmount":1742,"budgetAmount":100000,"_id":"586fbd53afe5f06e921acefd"},{"event":"586fb8d81d904e6d0e6f5833","name":"Letní údržba komunikací, čištění","expenditureAmount":929941,"budgetAmount":1142921,"_id":"586fbd53afe5f06e921acefc"},{"event":"586fb8d81d904e6d0e6f5834","name":"Rekonstrukce MK po kanalizaci pod Klečkovským rybníkem","expenditureAmount":0,"budgetAmount":140000,"_id":"586fbd53afe5f06e921acefb"},{"event":"586fb8d81d904e6d0e6f5835","name":"Bezpečnost dopravy ul.Masarykova, Budovatelů, Hornická – studie","expenditureAmount":0,"budgetAmount":290000,"_id":"586fbd53afe5f06e921acefa"},{"event":"586fb8d81d904e6d0e6f5836","name":"Jiříkovice - rekonstrukce MK na horním konci","expenditureAmount":511946,"budgetAmount":2650000,"_id":"586fbd53afe5f06e921acef9"},{"event":"586fb8d81d904e6d0e6f5837","name":"Přechody pro chodce","expenditureAmount":0,"budgetAmount":420000,"_id":"586fbd53afe5f06e921acef8"},{"event":"586fb8d81d904e6d0e6f5838","name":"Hlinné – přístupová komunikace k p.č.280/4","expenditureAmount":0,"budgetAmount":100000,"_id":"586fbd53afe5f06e921acef7"},{"event":"586fb8d81d904e6d0e6f5839","name":"Dotace","expenditureAmount":949800,"budgetAmount":950000,"_id":"586fbd53afe5f06e921acef6"},{"event":"586fb8d81d904e6d0e6f583a","name":"Dukelská - Rekonstrukce mostu + lávka pro pěší s přechodem","expenditureAmount":0,"budgetAmount":290000,"_id":"586fbd53afe5f06e921acef5"},{"event":"586fb8d81d904e6d0e6f583b","name":"Drobného-úprava před Enpekou na st. sídlišti vč. Zastávky MHD","expenditureAmount":0,"budgetAmount":80000,"_id":"586fbd53afe5f06e921acef4"}]},{"id":"2219","expenditureAmount":2825913,"budgetAmount":5914350,"_id":"586fbd53afe5f06e921acee1","events":[{"event":"586fb8d81d904e6d0e6f583c","name":"Lesní stezky","expenditureAmount":150000,"budgetAmount":250000,"_id":"586fbd53afe5f06e921acef2"},{"event":"586fb8cd1d904e6d0e6f57b4","name":"Doprava","expenditureAmount":265329,"budgetAmount":747200,"_id":"586fbd53afe5f06e921acef1"},{"event":"586fb8d81d904e6d0e6f5831","name":"Zimní údržba","expenditureAmount":669904,"budgetAmount":1295600,"_id":"586fbd53afe5f06e921acef0"},{"event":"586fb8cd1d904e6d0e6f57ab","name":"Kamenolom","expenditureAmount":0,"budgetAmount":0,"_id":"586fbd53afe5f06e921aceef"},{"event":"586fb8d81d904e6d0e6f583d","name":"Cyklodestinace","expenditureAmount":8000,"budgetAmount":200000,"_id":"586fbd53afe5f06e921aceee"},{"event":"586fb8d81d904e6d0e6f583e","name":"Vančurova – chodník","expenditureAmount":12100,"budgetAmount":100000,"_id":"586fbd53afe5f06e921aceed"},{"event":"586fb8d81d904e6d0e6f5833","name":"Letní údržba komunikací, čištění","expenditureAmount":126286,"budgetAmount":171400,"_id":"586fbd53afe5f06e921aceec"},{"event":"586fb8d81d904e6d0e6f583f","name":"Maršovice - chodník","expenditureAmount":20000,"budgetAmount":20000,"_id":"586fbd53afe5f06e921aceeb"},{"event":"586fb8d81d904e6d0e6f5840","name":"Olešná - chodník podél st. silnice I/19 + přechod","expenditureAmount":24230,"budgetAmount":673000,"_id":"586fbd53afe5f06e921aceea"},{"event":"586fb8d81d904e6d0e6f5841","name":"Petrovická - chodník","expenditureAmount":0,"budgetAmount":70000,"_id":"586fbd53afe5f06e921acee9"},{"event":"586fb8d81d904e6d0e6f5842","name":"Vratislavovo nám. - příprava rekonstrukce","expenditureAmount":0,"budgetAmount":300000,"_id":"586fbd53afe5f06e921acee8"},{"event":"586fb8d81d904e6d0e6f5843","name":"Bělisko - most","expenditureAmount":50000,"budgetAmount":100000,"_id":"586fbd53afe5f06e921acee7"},{"event":"586fb8d81d904e6d0e6f5844","name":"Sportovní - lokalita (chodník u gymnázia, parkování u II. ZŠ)","expenditureAmount":68000,"budgetAmount":215500,"_id":"586fbd53afe5f06e921acee6"},{"event":"586fb8d81d904e6d0e6f5845","name":"Budovatelů - mostek přes Bezděčku","expenditureAmount":1331614,"budgetAmount":1331650,"_id":"586fbd53afe5f06e921acee5"},{"event":"586fb8d81d904e6d0e6f5846","name":"Tyršova-parkovací místa a chodník","expenditureAmount":54450,"budgetAmount":130000,"_id":"586fbd53afe5f06e921acee4"},{"event":"586fb8d81d904e6d0e6f5847","name":"Cyklostezka Vlachovická","expenditureAmount":46000,"budgetAmount":110000,"_id":"586fbd53afe5f06e921acee3"},{"event":"586fb8d81d904e6d0e6f5848","name":"Olešná-lávka","expenditureAmount":0,"budgetAmount":200000,"_id":"586fbd53afe5f06e921acee2"}]},{"id":"2221","expenditureAmount":683768,"budgetAmount":1919040,"_id":"586fbd53afe5f06e921acedd","events":[{"event":"586fb8cd1d904e6d0e6f57b4","name":"Doprava","expenditureAmount":241210,"budgetAmount":550000,"_id":"586fbd53afe5f06e921acee0"},{"event":"586fb8d81d904e6d0e6f5849","name":"Zastávky městské hromadné dopravy - investiční část","expenditureAmount":29040,"budgetAmount":300000,"_id":"586fbd53afe5f06e921acedf"},{"event":"586fb8d81d904e6d0e6f584a","name":"Městská hromadná doprava - provoz","expenditureAmount":413518,"budgetAmount":1069040,"_id":"586fbd53afe5f06e921acede"}]},{"id":"2223","expenditureAmount":116187,"budgetAmount":139429,"_id":"586fbd53afe5f06e921aced9","events":[{"event":"586fb8cd1d904e6d0e6f57b4","name":"Doprava","expenditureAmount":23038,"budgetAmount":33000,"_id":"586fbd53afe5f06e921acedc"},{"event":"586fb8d81d904e6d0e6f584b","name":"BESIP","expenditureAmount":26720,"budgetAmount":40000,"_id":"586fbd53afe5f06e921acedb"},{"event":"586fb8d81d904e6d0e6f584c","name":"Maršovice – radar na měření rychlosti","expenditureAmount":66429,"budgetAmount":66429,"_id":"586fbd53afe5f06e921aceda"}]},{"id":"2229","expenditureAmount":218420,"budgetAmount":372000,"_id":"586fbd53afe5f06e921aced6","events":[{"event":"586fb8cd1d904e6d0e6f57b4","name":"Doprava","expenditureAmount":213465,"budgetAmount":350000,"_id":"586fbd53afe5f06e921aced8"},{"event":"586fb8d81d904e6d0e6f5831","name":"Zimní údržba","expenditureAmount":4955,"budgetAmount":22000,"_id":"586fbd53afe5f06e921aced7"}]},{"id":"2299","expenditureAmount":0,"budgetAmount":0,"_id":"586fbd53afe5f06e921aced4","events":[{"event":"586fb8cd1d904e6d0e6f57ae","name":"Vnitřní správa","expenditureAmount":0,"budgetAmount":0,"_id":"586fbd53afe5f06e921aced5"}]},{"id":"2310","expenditureAmount":1176707,"budgetAmount":1262000,"_id":"586fbd53afe5f06e921acecf","events":[{"event":"586fb8d81d904e6d0e6f584d","name":"Vodní hospodářství","expenditureAmount":1015800,"budgetAmount":1035000,"_id":"586fbd53afe5f06e921aced3"},{"event":"586fb8d81d904e6d0e6f584e","name":"Pohledec – vodovod a novostavba jednotné kanalizace pro 12 RD","expenditureAmount":0,"budgetAmount":50000,"_id":"586fbd53afe5f06e921aced2"},{"event":"586fb8d81d904e6d0e6f584f","name":"Vlachovická - novostavba vodovodu","expenditureAmount":0,"budgetAmount":0,"_id":"586fbd53afe5f06e921aced1"},{"event":"586fb8d81d904e6d0e6f5850","name":"Žďárská rekonstrukce vodovodu","expenditureAmount":160907,"budgetAmount":177000,"_id":"586fbd53afe5f06e921aced0"}]},{"id":"2321","expenditureAmount":2022245,"budgetAmount":3974000,"_id":"586fbd53afe5f06e921acec8","events":[{"event":"586fb8d81d904e6d0e6f584d","name":"Vodní hospodářství","expenditureAmount":54440,"budgetAmount":111000,"_id":"586fbd53afe5f06e921acece"},{"event":"586fb8d81d904e6d0e6f5851","name":"Rozšíření splaškové kanalizace a vodovodu na parcele č. 3915/5","expenditureAmount":600000,"budgetAmount":600000,"_id":"586fbd53afe5f06e921acecd"},{"event":"586fb8d81d904e6d0e6f5852","name":"Německého - rekonstrukce kanalizace","expenditureAmount":588501,"budgetAmount":908000,"_id":"586fbd53afe5f06e921acecc"},{"event":"586fb8d81d904e6d0e6f5853","name":"Regulace škrtících tratí odlehčovacích komor","expenditureAmount":213940,"budgetAmount":214000,"_id":"586fbd53afe5f06e921acecb"},{"event":"586fb8d81d904e6d0e6f5854","name":"Rekonstrukce kanalizace pod Klečkovským rybníkem","expenditureAmount":540724,"budgetAmount":541000,"_id":"586fbd53afe5f06e921aceca"},{"event":"586fb8d81d904e6d0e6f5855","name":"Petrovice – rekonstrukce stávající jednotné kanalizace","expenditureAmount":24640,"budgetAmount":1600000,"_id":"586fbd53afe5f06e921acec9"}]},{"id":"2341","expenditureAmount":38084,"budgetAmount":424500,"_id":"586fbd53afe5f06e921acec6","events":[{"event":"586fb8d81d904e6d0e6f584d","name":"Vodní hospodářství","expenditureAmount":38084,"budgetAmount":424500,"_id":"586fbd53afe5f06e921acec7"}]},{"id":"3111","expenditureAmount":3600900,"budgetAmount":4845000,"_id":"586fbd53afe5f06e921acec3","events":[{"event":"586fb8d81d904e6d0e6f5856","name":"Mateřská škola","expenditureAmount":3584000,"budgetAmount":4795000,"_id":"586fbd53afe5f06e921acec5"},{"event":"586fb8d81d904e6d0e6f5857","name":"Pohledec - mateřská škola – zateplení fasáda","expenditureAmount":16900,"budgetAmount":50000,"_id":"586fbd53afe5f06e921acec4"}]},{"id":"3113","expenditureAmount":11656571,"budgetAmount":20337955,"_id":"586fbd53afe5f06e921aceba","events":[{"event":"586fb8d81d904e6d0e6f5858","name":"I. základní škola","expenditureAmount":3914430,"budgetAmount":4668600,"_id":"586fbd53afe5f06e921acec2"},{"event":"586fb8d81d904e6d0e6f5859","name":"II. základní škola","expenditureAmount":3608000,"budgetAmount":4263087,"_id":"586fbd53afe5f06e921acec1"},{"event":"586fb8d81d904e6d0e6f585a","name":"Granty  + příspěvky","expenditureAmount":4000,"budgetAmount":4000,"_id":"586fbd53afe5f06e921acec0"},{"event":"586fb8d81d904e6d0e6f585b","name":"I. Základní škola - odborné učebny","expenditureAmount":0,"budgetAmount":500000,"_id":"586fbd53afe5f06e921acebf"},{"event":"586fb8d81d904e6d0e6f585c","name":"Pohledec – ZŠ – oprava sociálního zařízení","expenditureAmount":0,"budgetAmount":40000,"_id":"586fbd53afe5f06e921acebe"},{"event":"586fb8d81d904e6d0e6f585d","name":"Bezbariérový přístup II. ZŠ","expenditureAmount":0,"budgetAmount":150000,"_id":"586fbd53afe5f06e921acebd"},{"event":"586fb8d81d904e6d0e6f585e","name":"II. základní škola - propojení školy a školní jídelny","expenditureAmount":3571336,"budgetAmount":6748350,"_id":"586fbd53afe5f06e921acebc"},{"event":"586fb8d81d904e6d0e6f585f","name":"I. základní škola - rekonstrukce elektroinstalace - III. etapa","expenditureAmount":558805,"budgetAmount":3963918,"_id":"586fbd53afe5f06e921acebb"}]},{"id":"3211","expenditureAmount":150000,"budgetAmount":160000,"_id":"586fbd53afe5f06e921aceb8","events":[{"event":"586fb8d81d904e6d0e6f5860","name":"Lokalita 3 kříže - projekt příprava","expenditureAmount":150000,"budgetAmount":160000,"_id":"586fbd53afe5f06e921aceb9"}]},{"id":"3231","expenditureAmount":177400,"budgetAmount":177400,"_id":"586fbd53afe5f06e921aceb6","events":[{"event":"586fb8d81d904e6d0e6f5861","name":"Základní umělecká škola","expenditureAmount":177400,"budgetAmount":177400,"_id":"586fbd53afe5f06e921aceb7"}]},{"id":"3299","expenditureAmount":340071,"budgetAmount":425260,"_id":"586fbd53afe5f06e921aceb2","events":[{"event":"586fb8d81d904e6d0e6f5862","name":"MAP rozvoje vzdělávání ORP NMNM","expenditureAmount":199365,"budgetAmount":174000,"_id":"586fbd53afe5f06e921aceb5"},{"event":"586fb8d81d904e6d0e6f583a","name":"Dukelská - Rekonstrukce mostu + lávka pro pěší s přechodem","expenditureAmount":0,"budgetAmount":0,"_id":"586fbd53afe5f06e921aceb4"},{"event":"586fb8d81d904e6d0e6f5863","name":"Podpora zapojování seniorů do aktivního života","expenditureAmount":140706,"budgetAmount":251260,"_id":"586fbd53afe5f06e921aceb3"}]},{"id":"3319","expenditureAmount":471272,"budgetAmount":686000,"_id":"586fbd53afe5f06e921aceae","events":[{"event":"586fb8d81d904e6d0e6f5864","name":"Kultura","expenditureAmount":157522,"budgetAmount":364000,"_id":"586fbd53afe5f06e921aceb1"},{"event":"586fb8d81d904e6d0e6f585a","name":"Granty  + příspěvky","expenditureAmount":237000,"budgetAmount":237000,"_id":"586fbd53afe5f06e921aceb0"},{"event":"586fb8d81d904e6d0e6f5865","name":"Pořízení poesiomatu","expenditureAmount":76750,"budgetAmount":85000,"_id":"586fbd53afe5f06e921aceaf"}]},{"id":"3322","expenditureAmount":604652,"budgetAmount":4960000,"_id":"586fbd53afe5f06e921acea9","events":[{"event":"586fb8d81d904e6d0e6f5864","name":"Kultura","expenditureAmount":12000,"budgetAmount":80000,"_id":"586fbd53afe5f06e921acead"},{"event":"586fb8d81d904e6d0e6f5866","name":"Horácké muzeum - výměna střešní krytiny a oprava krovu","expenditureAmount":0,"budgetAmount":4000000,"_id":"586fbd53afe5f06e921aceac"},{"event":"586fb8d81d904e6d0e6f5867","name":"Horácké muzeum - bourání depozitáře na půdě","expenditureAmount":479652,"budgetAmount":480000,"_id":"586fbd53afe5f06e921aceab"},{"event":"586fb8d81d904e6d0e6f5868","name":"Vybudování výtahu a dostavba zázemí na dvorku HM","expenditureAmount":113000,"budgetAmount":400000,"_id":"586fbd53afe5f06e921aceaa"}]},{"id":"3326","expenditureAmount":960,"budgetAmount":1000,"_id":"586fbd53afe5f06e921acea7","events":[{"event":"586fb8d81d904e6d0e6f5864","name":"Kultura","expenditureAmount":960,"budgetAmount":1000,"_id":"586fbd53afe5f06e921acea8"}]},{"id":"3330","expenditureAmount":100000,"budgetAmount":100000,"_id":"586fbd53afe5f06e921acea5","events":[{"event":"586fb8d81d904e6d0e6f5839","name":"Dotace","expenditureAmount":100000,"budgetAmount":100000,"_id":"586fbd53afe5f06e921acea6"}]},{"id":"3349","expenditureAmount":52117,"budgetAmount":103968,"_id":"586fbd53afe5f06e921acea3","events":[{"event":"586fb8d81d904e6d0e6f5869","name":"Veřejný rozhlas","expenditureAmount":52117,"budgetAmount":103968,"_id":"586fbd53afe5f06e921acea4"}]},{"id":"3392","expenditureAmount":9299000,"budgetAmount":11944888,"_id":"586fbd53afe5f06e921acea1","events":[{"event":"586fb8d81d904e6d0e6f586a","name":"Novoměstská kulturní zařízení","expenditureAmount":9299000,"budgetAmount":11944888,"_id":"586fbd53afe5f06e921acea2"}]},{"id":"3399","expenditureAmount":199847,"budgetAmount":487500,"_id":"586fbd53afe5f06e921ace9e","events":[{"event":"586fb8d81d904e6d0e6f5864","name":"Kultura","expenditureAmount":157847,"budgetAmount":445500,"_id":"586fbd53afe5f06e921acea0"},{"event":"586fb8d81d904e6d0e6f585a","name":"Granty  + příspěvky","expenditureAmount":42000,"budgetAmount":42000,"_id":"586fbd53afe5f06e921ace9f"}]},{"id":"3412","expenditureAmount":3440251,"budgetAmount":9930000,"_id":"586fbd53afe5f06e921ace98","events":[{"event":"586fb8d81d904e6d0e6f586b","name":"Novoměstské služby s.r.o.","expenditureAmount":3195000,"budgetAmount":3200000,"_id":"586fbd53afe5f06e921ace9d"},{"event":"586fb8d81d904e6d0e6f586c","name":"Sportovní hala","expenditureAmount":0,"budgetAmount":350000,"_id":"586fbd53afe5f06e921ace9c"},{"event":"586fb8d81d904e6d0e6f586d","name":"Městské lázně","expenditureAmount":245251,"budgetAmount":5580000,"_id":"586fbd53afe5f06e921ace9b"},{"event":"586fb8d81d904e6d0e6f586e","name":"Městské lázně – víceúčelový sál","expenditureAmount":0,"budgetAmount":600000,"_id":"586fbd53afe5f06e921ace9a"},{"event":"586fb8d81d904e6d0e6f586f","name":"Kluziště","expenditureAmount":0,"budgetAmount":200000,"_id":"586fbd53afe5f06e921ace99"}]},{"id":"3419","expenditureAmount":3320000,"budgetAmount":3320000,"_id":"586fbd53afe5f06e921ace95","events":[{"event":"586fb8d81d904e6d0e6f585a","name":"Granty  + příspěvky","expenditureAmount":2320000,"budgetAmount":2320000,"_id":"586fbd53afe5f06e921ace97"},{"event":"586fb8d81d904e6d0e6f5839","name":"Dotace","expenditureAmount":1000000,"budgetAmount":1000000,"_id":"586fbd53afe5f06e921ace96"}]},{"id":"3421","expenditureAmount":1560937,"budgetAmount":2851960,"_id":"586fbd53afe5f06e921ace8f","events":[{"event":"586fb8d81d904e6d0e6f5870","name":"Sportoviště - hřiště","expenditureAmount":601146,"budgetAmount":886900,"_id":"586fbd53afe5f06e921ace94"},{"event":"586fb8d81d904e6d0e6f5871","name":"Přemístění ZUŠ","expenditureAmount":16000,"budgetAmount":860000,"_id":"586fbd53afe5f06e921ace93"},{"event":"586fb8d81d904e6d0e6f5872","name":"Dům dětí a mládeže","expenditureAmount":692000,"budgetAmount":842060,"_id":"586fbd53afe5f06e921ace92"},{"event":"586fb8d81d904e6d0e6f585a","name":"Granty  + příspěvky","expenditureAmount":213000,"budgetAmount":213000,"_id":"586fbd53afe5f06e921ace91"},{"event":"586fb8d81d904e6d0e6f5873","name":"Hlinné – sportoviště střídačky","expenditureAmount":38791,"budgetAmount":50000,"_id":"586fbd53afe5f06e921ace90"}]},{"id":"3429","expenditureAmount":336404,"budgetAmount":409000,"_id":"586fbd53afe5f06e921ace88","events":[{"event":"586fb8d81d904e6d0e6f5870","name":"Sportoviště - hřiště","expenditureAmount":0,"budgetAmount":0,"_id":"586fbd53afe5f06e921ace8e"},{"event":"586fb8d81d904e6d0e6f585a","name":"Granty  + příspěvky","expenditureAmount":309000,"budgetAmount":309000,"_id":"586fbd53afe5f06e921ace8d"},{"event":"586fb8d81d904e6d0e6f5874","name":"Koupaliště","expenditureAmount":0,"budgetAmount":0,"_id":"586fbd53afe5f06e921ace8c"},{"event":"586fb8d81d904e6d0e6f5875","name":"Ekologické nocležiště","expenditureAmount":27404,"budgetAmount":100000,"_id":"586fbd53afe5f06e921ace8b"},{"event":"586fb8d81d904e6d0e6f5876","name":"Veřejná zeleň - sečení","expenditureAmount":0,"budgetAmount":0,"_id":"586fbd53afe5f06e921ace8a"},{"event":"586fb8d81d904e6d0e6f5877","name":"Veřejná zeleň - údržba dřevin","expenditureAmount":0,"budgetAmount":0,"_id":"586fbd53afe5f06e921ace89"}]},{"id":"3522","expenditureAmount":0,"budgetAmount":120000,"_id":"586fbd53afe5f06e921ace86","events":[{"event":"586fb8d81d904e6d0e6f5839","name":"Dotace","expenditureAmount":0,"budgetAmount":120000,"_id":"586fbd53afe5f06e921ace87"}]},{"id":"3541","expenditureAmount":23000,"budgetAmount":23000,"_id":"586fbd53afe5f06e921ace84","events":[{"event":"586fb8d81d904e6d0e6f585a","name":"Granty  + příspěvky","expenditureAmount":23000,"budgetAmount":23000,"_id":"586fbd53afe5f06e921ace85"}]},{"id":"3543","expenditureAmount":35000,"budgetAmount":35000,"_id":"586fbd53afe5f06e921ace82","events":[{"event":"586fb8d81d904e6d0e6f585a","name":"Granty  + příspěvky","expenditureAmount":35000,"budgetAmount":35000,"_id":"586fbd53afe5f06e921ace83"}]},{"id":"3611","expenditureAmount":400000,"budgetAmount":272000,"_id":"586fbd53afe5f06e921ace80","events":[{"event":"586fb8d81d904e6d0e6f5878","name":"Fond rozvoje bydlení","expenditureAmount":400000,"budgetAmount":272000,"_id":"586fbd53afe5f06e921ace81"}]},{"id":"3612","expenditureAmount":7578303,"budgetAmount":29543800,"_id":"586fbd53afe5f06e921ace77","events":[{"event":"586fb8d81d904e6d0e6f5879","name":"Sbor dobrovolných hasičů","expenditureAmount":0,"budgetAmount":0,"_id":"586fbd53afe5f06e921ace7f"},{"event":"586fb8d81d904e6d0e6f587a","name":"Bytové hospodářství","expenditureAmount":5758110,"budgetAmount":9402300,"_id":"586fbd53afe5f06e921ace7e"},{"event":"586fb8d81d904e6d0e6f587b","name":"Novoměstské sociální služby","expenditureAmount":0,"budgetAmount":682000,"_id":"586fbd53afe5f06e921ace7d"},{"event":"586fb8d81d904e6d0e6f587c","name":"Údržba privatizovaných domů","expenditureAmount":787076,"budgetAmount":1580000,"_id":"586fbd53afe5f06e921ace7c"},{"event":"586fb8d81d904e6d0e6f587d","name":"Domovina","expenditureAmount":0,"budgetAmount":0,"_id":"586fbd53afe5f06e921ace7b"},{"event":"586fb8d81d904e6d0e6f587e","name":"Zateplení bytového domu č.p.540","expenditureAmount":9500,"budgetAmount":9500,"_id":"586fbd53afe5f06e921ace7a"},{"event":"586fb8d81d904e6d0e6f587f","name":"NSS - projekt a rekonstrukce kotelny na DPS","expenditureAmount":47916,"budgetAmount":1870000,"_id":"586fbd53afe5f06e921ace79"},{"event":"586fb8d81d904e6d0e6f5880","name":"Komunitní dům seniorů NMNM","expenditureAmount":975701,"budgetAmount":16000000,"_id":"586fbd53afe5f06e921ace78"}]},{"id":"3613","expenditureAmount":2259113,"budgetAmount":5396800,"_id":"586fbd53afe5f06e921ace6e","events":[{"event":"586fb8d81d904e6d0e6f5879","name":"Sbor dobrovolných hasičů","expenditureAmount":235757,"budgetAmount":855000,"_id":"586fbd53afe5f06e921ace76"},{"event":"586fb8cd1d904e6d0e6f57ae","name":"Vnitřní správa","expenditureAmount":0,"budgetAmount":0,"_id":"586fbd53afe5f06e921ace75"},{"event":"586fb8d81d904e6d0e6f587b","name":"Novoměstské sociální služby","expenditureAmount":0,"budgetAmount":0,"_id":"586fbd53afe5f06e921ace74"},{"event":"586fb8d81d904e6d0e6f5881","name":"Kino","expenditureAmount":138175,"budgetAmount":145000,"_id":"586fbd53afe5f06e921ace73"},{"event":"586fb8d81d904e6d0e6f5882","name":"ZŠ Malá – vybudování výtahu","expenditureAmount":0,"budgetAmount":60000,"_id":"586fbd53afe5f06e921ace72"},{"event":"586fb8d81d904e6d0e6f5883","name":"Studnice – rekonstrukce obecní budovy","expenditureAmount":3000,"budgetAmount":50000,"_id":"586fbd53afe5f06e921ace71"},{"event":"586fb8d81d904e6d0e6f5884","name":"Nebytové hospodářství","expenditureAmount":1882181,"budgetAmount":4136800,"_id":"586fbd53afe5f06e921ace70"},{"event":"586fb8d81d904e6d0e6f5885","name":"Slavkovice – přístřešek u hasičské zbrojnice","expenditureAmount":0,"budgetAmount":150000,"_id":"586fbd53afe5f06e921ace6f"}]},{"id":"3631","expenditureAmount":1851668,"budgetAmount":3660000,"_id":"586fbd53afe5f06e921ace69","events":[{"event":"586fb8cd1d904e6d0e6f57b2","name":"Veřejné osvětlení","expenditureAmount":1831205,"budgetAmount":3047000,"_id":"586fbd53afe5f06e921ace6d"},{"event":"586fb8d81d904e6d0e6f5837","name":"Přechody pro chodce","expenditureAmount":198,"budgetAmount":120000,"_id":"586fbd53afe5f06e921ace6c"},{"event":"586fb8d81d904e6d0e6f5886","name":"Olešná – rozšíření VO o 3 světelné body","expenditureAmount":2050,"budgetAmount":318000,"_id":"586fbd53afe5f06e921ace6b"},{"event":"586fb8d81d904e6d0e6f5887","name":"Hlinné – rozšíření VO o 2 světelné body","expenditureAmount":18215,"budgetAmount":175000,"_id":"586fbd53afe5f06e921ace6a"}]},{"id":"3632","expenditureAmount":188352,"budgetAmount":842500,"_id":"586fbd53afe5f06e921ace66","events":[{"event":"586fb8d81d904e6d0e6f5888","name":"Pohřebnictví","expenditureAmount":188352,"budgetAmount":760000,"_id":"586fbd53afe5f06e921ace68"},{"event":"586fb8d81d904e6d0e6f5889","name":"Rozšíření kapacity hřbitovů","expenditureAmount":0,"budgetAmount":82500,"_id":"586fbd53afe5f06e921ace67"}]},{"id":"3635","expenditureAmount":442660,"budgetAmount":677000,"_id":"586fbd53afe5f06e921ace63","events":[{"event":"586fb8d81d904e6d0e6f588a","name":"Stavebnictví","expenditureAmount":163800,"budgetAmount":335000,"_id":"586fbd53afe5f06e921ace65"},{"event":"586fb8d81d904e6d0e6f588b","name":"Nový územní plán","expenditureAmount":278860,"budgetAmount":342000,"_id":"586fbd53afe5f06e921ace64"}]},{"id":"3639","expenditureAmount":16486296,"budgetAmount":20616300,"_id":"586fbd53afe5f06e921ace58","events":[{"event":"586fb8cd1d904e6d0e6f57ae","name":"Vnitřní správa","expenditureAmount":0,"budgetAmount":0,"_id":"586fbd53afe5f06e921ace62"},{"event":"586fb8d81d904e6d0e6f588a","name":"Stavebnictví","expenditureAmount":140666,"budgetAmount":850000,"_id":"586fbd53afe5f06e921ace61"},{"event":"586fb8d81d904e6d0e6f588c","name":"Plynovody","expenditureAmount":32613,"budgetAmount":333000,"_id":"586fbd53afe5f06e921ace60"},{"event":"586fb8d81d904e6d0e6f588d","name":"Ostatní služby","expenditureAmount":10559,"budgetAmount":22000,"_id":"586fbd53afe5f06e921ace5f"},{"event":"586fb8d81d904e6d0e6f588e","name":"Veřejné WC","expenditureAmount":42537,"budgetAmount":238800,"_id":"586fbd53afe5f06e921ace5e"},{"event":"586fb8d81d904e6d0e6f588f","name":"Všeobecná pokladní správa","expenditureAmount":12500,"budgetAmount":12500,"_id":"586fbd53afe5f06e921ace5d"},{"event":"586fb8d81d904e6d0e6f5890","name":"Pronájem - pozemky","expenditureAmount":0,"budgetAmount":0,"_id":"586fbd53afe5f06e921ace5c"},{"event":"586fb8d81d904e6d0e6f5891","name":"Hlinné – altán u kaple s terénními úpravami","expenditureAmount":0,"budgetAmount":0,"_id":"586fbd53afe5f06e921ace5b"},{"event":"586fb8d81d904e6d0e6f5892","name":"Výkup nemovitostí - běžné","expenditureAmount":240821,"budgetAmount":3150000,"_id":"586fbd53afe5f06e921ace5a"},{"event":"586fb8d81d904e6d0e6f5893","name":"Nákup objektu VZP","expenditureAmount":16006600,"budgetAmount":16010000,"_id":"586fbd53afe5f06e921ace59"}]},{"id":"3722","expenditureAmount":7872598,"budgetAmount":8785000,"_id":"586fbd53afe5f06e921ace54","events":[{"event":"586fb8d81d904e6d0e6f5894","name":"Čištění - koše","expenditureAmount":377925,"budgetAmount":420000,"_id":"586fbd53afe5f06e921ace57"},{"event":"586fb8d81d904e6d0e6f5888","name":"Pohřebnictví","expenditureAmount":31628,"budgetAmount":160000,"_id":"586fbd53afe5f06e921ace56"},{"event":"586fb8d81d904e6d0e6f5895","name":"Svoz komunálního odpadu","expenditureAmount":7463045,"budgetAmount":8205000,"_id":"586fbd53afe5f06e921ace55"}]},{"id":"3725","expenditureAmount":0,"budgetAmount":0,"_id":"586fbd53afe5f06e921ace52","events":[{"event":"586fb8d81d904e6d0e6f5895","name":"Svoz komunálního odpadu","expenditureAmount":0,"budgetAmount":0,"_id":"586fbd53afe5f06e921ace53"}]},{"id":"3726","expenditureAmount":0,"budgetAmount":50000,"_id":"586fbd53afe5f06e921ace4f","events":[{"event":"586fb8d81d904e6d0e6f5895","name":"Svoz komunálního odpadu","expenditureAmount":0,"budgetAmount":50000,"_id":"586fbd53afe5f06e921ace51"},{"event":"586fb8d81d904e6d0e6f5896","name":"Kompostárna Pohledec","expenditureAmount":0,"budgetAmount":0,"_id":"586fbd53afe5f06e921ace50"}]},{"id":"3727","expenditureAmount":0,"budgetAmount":0,"_id":"586fbd53afe5f06e921ace4d","events":[{"event":"586fb8d81d904e6d0e6f5895","name":"Svoz komunálního odpadu","expenditureAmount":0,"budgetAmount":0,"_id":"586fbd53afe5f06e921ace4e"}]},{"id":"3728","expenditureAmount":16105,"budgetAmount":100000,"_id":"586fbd53afe5f06e921ace4a","events":[{"event":"586fb8d81d904e6d0e6f5897","name":"Ekologické skládky","expenditureAmount":16105,"budgetAmount":40000,"_id":"586fbd53afe5f06e921ace4c"},{"event":"586fb8d81d904e6d0e6f5895","name":"Svoz komunálního odpadu","expenditureAmount":0,"budgetAmount":60000,"_id":"586fbd53afe5f06e921ace4b"}]},{"id":"3729","expenditureAmount":4754,"budgetAmount":30000,"_id":"586fbd53afe5f06e921ace48","events":[{"event":"586fb8d81d904e6d0e6f5897","name":"Ekologické skládky","expenditureAmount":4754,"budgetAmount":30000,"_id":"586fbd53afe5f06e921ace49"}]},{"id":"3733","expenditureAmount":0,"budgetAmount":10000,"_id":"586fbd53afe5f06e921ace46","events":[{"event":"586fb8cd1d904e6d0e6f57a9","name":"Vodní hospodářství a životní prostředí - státní správa","expenditureAmount":0,"budgetAmount":10000,"_id":"586fbd53afe5f06e921ace47"}]},{"id":"3742","expenditureAmount":0,"budgetAmount":5000,"_id":"586fbd53afe5f06e921ace44","events":[{"event":"586fb8cd1d904e6d0e6f57a9","name":"Vodní hospodářství a životní prostředí - státní správa","expenditureAmount":0,"budgetAmount":5000,"_id":"586fbd53afe5f06e921ace45"}]},{"id":"3745","expenditureAmount":310318,"budgetAmount":4496800,"_id":"586fbd53afe5f06e921ace3c","events":[{"event":"586fb8d81d904e6d0e6f5898","name":"Kašny","expenditureAmount":61458,"budgetAmount":130000,"_id":"586fbd53afe5f06e921ace43"},{"event":"586fb8d81d904e6d0e6f5894","name":"Čištění - koše","expenditureAmount":25482,"budgetAmount":60000,"_id":"586fbd53afe5f06e921ace42"},{"event":"586fb8d81d904e6d0e6f5899","name":"Lavičky","expenditureAmount":33872,"budgetAmount":85000,"_id":"586fbd53afe5f06e921ace41"},{"event":"586fb8d81d904e6d0e6f5876","name":"Veřejná zeleň - sečení","expenditureAmount":74473,"budgetAmount":2466700,"_id":"586fbd53afe5f06e921ace40"},{"event":"586fb8d81d904e6d0e6f589a","name":"Veřejná zeleň - údržba záhonů","expenditureAmount":0,"budgetAmount":864500,"_id":"586fbd53afe5f06e921ace3f"},{"event":"586fb8d81d904e6d0e6f5877","name":"Veřejná zeleň - údržba dřevin","expenditureAmount":115033,"budgetAmount":890600,"_id":"586fbd53afe5f06e921ace3e"},{"event":"586fb8d81d904e6d0e6f5860","name":"Lokalita 3 kříže - projekt příprava","expenditureAmount":0,"budgetAmount":0,"_id":"586fbd53afe5f06e921ace3d"}]},{"id":"3769","expenditureAmount":23000,"budgetAmount":0,"_id":"586fbd53afe5f06e921ace3a","events":[{"event":"586fb8cd1d904e6d0e6f57ae","name":"Vnitřní správa","expenditureAmount":23000,"budgetAmount":0,"_id":"586fbd53afe5f06e921ace3b"}]},{"id":"3900","expenditureAmount":100000,"budgetAmount":550000,"_id":"586fbd53afe5f06e921ace38","events":[{"event":"586fb8d81d904e6d0e6f589b","name":"Nadační fond města Nového Města na Moravě","expenditureAmount":100000,"budgetAmount":550000,"_id":"586fbd53afe5f06e921ace39"}]},{"id":"4339","expenditureAmount":211598,"budgetAmount":377724,"_id":"586fbd53afe5f06e921ace36","events":[{"event":"586fb8d81d904e6d0e6f589c","name":"Státní příspěvek na výkon pěstounské péče","expenditureAmount":211598,"budgetAmount":377724,"_id":"586fbd53afe5f06e921ace37"}]},{"id":"4341","expenditureAmount":0,"budgetAmount":10000,"_id":"586fbd53afe5f06e921ace34","events":[{"event":"586fb8d81d904e6d0e6f589d","name":"Sociální věci","expenditureAmount":0,"budgetAmount":10000,"_id":"586fbd53afe5f06e921ace35"}]},{"id":"4343","expenditureAmount":0,"budgetAmount":40000,"_id":"586fbd53afe5f06e921ace32","events":[{"event":"586fb8d81d904e6d0e6f589d","name":"Sociální věci","expenditureAmount":0,"budgetAmount":40000,"_id":"586fbd53afe5f06e921ace33"}]},{"id":"4349","expenditureAmount":0,"budgetAmount":10000,"_id":"586fbd53afe5f06e921ace30","events":[{"event":"586fb8d81d904e6d0e6f589e","name":"Komunitní plán","expenditureAmount":0,"budgetAmount":10000,"_id":"586fbd53afe5f06e921ace31"}]},{"id":"4351","expenditureAmount":7518100,"budgetAmount":8192912,"_id":"586fbd53afe5f06e921ace2e","events":[{"event":"586fb8d81d904e6d0e6f587b","name":"Novoměstské sociální služby","expenditureAmount":7518100,"budgetAmount":8192912,"_id":"586fbd53afe5f06e921ace2f"}]},{"id":"4356","expenditureAmount":3979500,"budgetAmount":3965915,"_id":"586fbd53afe5f06e921ace2c","events":[{"event":"586fb8d81d904e6d0e6f589f","name":"Centrum Zdislava","expenditureAmount":3979500,"budgetAmount":3965915,"_id":"586fbd53afe5f06e921ace2d"}]},{"id":"4359","expenditureAmount":163000,"budgetAmount":163000,"_id":"586fbd53afe5f06e921ace2a","events":[{"event":"586fb8d81d904e6d0e6f585a","name":"Granty  + příspěvky","expenditureAmount":163000,"budgetAmount":163000,"_id":"586fbd53afe5f06e921ace2b"}]},{"id":"4371","expenditureAmount":76000,"budgetAmount":76000,"_id":"586fbd53afe5f06e921ace28","events":[{"event":"586fb8d81d904e6d0e6f585a","name":"Granty  + příspěvky","expenditureAmount":76000,"budgetAmount":76000,"_id":"586fbd53afe5f06e921ace29"}]},{"id":"4374","expenditureAmount":15000,"budgetAmount":15000,"_id":"586fbd53afe5f06e921ace26","events":[{"event":"586fb8d81d904e6d0e6f585a","name":"Granty  + příspěvky","expenditureAmount":15000,"budgetAmount":15000,"_id":"586fbd53afe5f06e921ace27"}]},{"id":"4379","expenditureAmount":69000,"budgetAmount":69000,"_id":"586fbd53afe5f06e921ace24","events":[{"event":"586fb8d81d904e6d0e6f585a","name":"Granty  + příspěvky","expenditureAmount":69000,"budgetAmount":69000,"_id":"586fbd53afe5f06e921ace25"}]},{"id":"4399","expenditureAmount":0,"budgetAmount":0,"_id":"586fbd53afe5f06e921ace21","events":[{"event":"586fb8d81d904e6d0e6f589c","name":"Státní příspěvek na výkon pěstounské péče","expenditureAmount":0,"budgetAmount":0,"_id":"586fbd53afe5f06e921ace23"},{"event":"586fb8d81d904e6d0e6f589d","name":"Sociální věci","expenditureAmount":0,"budgetAmount":0,"_id":"586fbd53afe5f06e921ace22"}]},{"id":"5171","expenditureAmount":0,"budgetAmount":0,"_id":"586fbd53afe5f06e921ace1f","events":[{"event":"586fb8cd1d904e6d0e6f57ae","name":"Vnitřní správa","expenditureAmount":0,"budgetAmount":0,"_id":"586fbd53afe5f06e921ace20"}]},{"id":"5272","expenditureAmount":0,"budgetAmount":50000,"_id":"586fbd53afe5f06e921ace1d","events":[{"event":"586fb8d81d904e6d0e6f58a0","name":"Digitalizace povodňového plánu","expenditureAmount":0,"budgetAmount":50000,"_id":"586fbd53afe5f06e921ace1e"}]},{"id":"5311","expenditureAmount":2761142,"budgetAmount":3698800,"_id":"586fbd53afe5f06e921ace17","events":[{"event":"586fb8cd1d904e6d0e6f57b3","name":"Ostatní","expenditureAmount":0,"budgetAmount":0,"_id":"586fbd53afe5f06e921ace1c"},{"event":"586fb8d81d904e6d0e6f58a1","name":"Městská policie","expenditureAmount":2747706,"budgetAmount":3528800,"_id":"586fbd53afe5f06e921ace1b"},{"event":"586fb8cd1d904e6d0e6f57ae","name":"Vnitřní správa","expenditureAmount":0,"budgetAmount":0,"_id":"586fbd53afe5f06e921ace1a"},{"event":"586fb8d81d904e6d0e6f58a2","name":"Městský kamerový systém","expenditureAmount":13436,"budgetAmount":20000,"_id":"586fbd53afe5f06e921ace19"},{"event":"586fb8d81d904e6d0e6f58a3","name":"Upgrade SW pro kamerový systém městské policie","expenditureAmount":0,"budgetAmount":150000,"_id":"586fbd53afe5f06e921ace18"}]},{"id":"5399","expenditureAmount":41386,"budgetAmount":90000,"_id":"586fbd53afe5f06e921ace15","events":[{"event":"586fb8d81d904e6d0e6f58a4","name":"Asistenti prevence kriminality","expenditureAmount":41386,"budgetAmount":90000,"_id":"586fbd53afe5f06e921ace16"}]},{"id":"5512","expenditureAmount":1342205,"budgetAmount":2390079,"_id":"586fbd53afe5f06e921ace11","events":[{"event":"586fb8d81d904e6d0e6f5879","name":"Sbor dobrovolných hasičů","expenditureAmount":1342205,"budgetAmount":2240079,"_id":"586fbd53afe5f06e921ace14"},{"event":"586fb8d81d904e6d0e6f58a1","name":"Městská policie","expenditureAmount":0,"budgetAmount":0,"_id":"586fbd53afe5f06e921ace13"},{"event":"586fb8d81d904e6d0e6f58a5","name":"SDH Studnice – pořízení automobilu","expenditureAmount":0,"budgetAmount":150000,"_id":"586fbd53afe5f06e921ace12"}]},{"id":"6112","expenditureAmount":1741230,"budgetAmount":2248000,"_id":"586fbd53afe5f06e921ace0f","events":[{"event":"586fb8cd1d904e6d0e6f57ae","name":"Vnitřní správa","expenditureAmount":1741230,"budgetAmount":2248000,"_id":"586fbd53afe5f06e921ace10"}]},{"id":"6115","expenditureAmount":39820,"budgetAmount":201666,"_id":"586fbd53afe5f06e921ace0d","events":[{"event":"586fb8d81d904e6d0e6f58a6","name":"Volby","expenditureAmount":39820,"budgetAmount":201666,"_id":"586fbd53afe5f06e921ace0e"}]},{"id":"6171","expenditureAmount":30908066,"budgetAmount":45429785,"_id":"586fbd53afe5f06e921acdfb","events":[{"event":"586fb8cd1d904e6d0e6f57b3","name":"Ostatní","expenditureAmount":-1340,"budgetAmount":0,"_id":"586fbd53afe5f06e921ace0c"},{"event":"586fb8d81d904e6d0e6f58a7","name":"Sociální práce","expenditureAmount":387197,"budgetAmount":222500,"_id":"586fbd53afe5f06e921ace0b"},{"event":"586fb8d81d904e6d0e6f58a1","name":"Městská policie","expenditureAmount":0,"budgetAmount":0,"_id":"586fbd53afe5f06e921ace0a"},{"event":"586fb8cd1d904e6d0e6f57ae","name":"Vnitřní správa","expenditureAmount":26549619,"budgetAmount":37564183,"_id":"586fbd53afe5f06e921ace09"},{"event":"586fb8d81d904e6d0e6f587a","name":"Bytové hospodářství","expenditureAmount":0,"budgetAmount":0,"_id":"586fbd53afe5f06e921ace08"},{"event":"586fb8d81d904e6d0e6f58a8","name":"Sociální fond","expenditureAmount":501427,"budgetAmount":660100,"_id":"586fbd53afe5f06e921ace07"},{"event":"586fb8cd1d904e6d0e6f57b4","name":"Doprava","expenditureAmount":0,"budgetAmount":0,"_id":"586fbd53afe5f06e921ace06"},{"event":"586fb8d81d904e6d0e6f58a9","name":"Výpočetní technika","expenditureAmount":2032688,"budgetAmount":3403000,"_id":"586fbd53afe5f06e921ace05"},{"event":"586fb8d81d904e6d0e6f58aa","name":"Zvyšování kvality MěÚ","expenditureAmount":0,"budgetAmount":70000,"_id":"586fbd53afe5f06e921ace04"},{"event":"586fb8d81d904e6d0e6f58ab","name":"Zaměstnanci z Úřadu práce","expenditureAmount":323252,"budgetAmount":1232842,"_id":"586fbd53afe5f06e921ace03"},{"event":"586fb8d81d904e6d0e6f584a","name":"Městská hromadná doprava - provoz","expenditureAmount":210346,"budgetAmount":30960,"_id":"586fbd53afe5f06e921ace02"},{"event":"586fb8d81d904e6d0e6f58ac","name":"Obměna vozového parku","expenditureAmount":848760,"budgetAmount":1800000,"_id":"586fbd53afe5f06e921ace01"},{"event":"586fb8d81d904e6d0e6f58ad","name":" Výpočetní technika - VDI Radnice rozšíření II","expenditureAmount":0,"budgetAmount":250600,"_id":"586fbd53afe5f06e921ace00"},{"event":"586fb8d81d904e6d0e6f58ae","name":"Výpočetní technika - Bezpečná síť NMNM","expenditureAmount":0,"budgetAmount":139600,"_id":"586fbd53afe5f06e921acdff"},{"event":"586fb8d81d904e6d0e6f58af","name":"Výpočetní technika - Web 2.0 NMNM","expenditureAmount":56000,"budgetAmount":56000,"_id":"586fbd53afe5f06e921acdfe"},{"event":"586fb8d81d904e6d0e6f58b0","name":"Novoměstská karta","expenditureAmount":0,"budgetAmount":0,"_id":"586fbd53afe5f06e921acdfd"},{"event":"586fb8d81d904e6d0e6f58b1","name":"Vnitřní správa - zdanitelné příjmy","expenditureAmount":117,"budgetAmount":0,"_id":"586fbd53afe5f06e921acdfc"}]},{"id":"6223","expenditureAmount":0,"budgetAmount":5000,"_id":"586fbd53afe5f06e921acdf9","events":[{"event":"586fb8d81d904e6d0e6f588f","name":"Všeobecná pokladní správa","expenditureAmount":0,"budgetAmount":5000,"_id":"586fbd53afe5f06e921acdfa"}]},{"id":"6310","expenditureAmount":471308,"budgetAmount":75000,"_id":"586fbd53afe5f06e921acdf4","events":[{"event":"586fb8d81d904e6d0e6f58a8","name":"Sociální fond","expenditureAmount":136,"budgetAmount":500,"_id":"586fbd53afe5f06e921acdf8"},{"event":"586fb8d81d904e6d0e6f5878","name":"Fond rozvoje bydlení","expenditureAmount":1269,"budgetAmount":1500,"_id":"586fbd53afe5f06e921acdf7"},{"event":"586fb8d81d904e6d0e6f58b2","name":"Fond rezerv a rozvoje","expenditureAmount":0,"budgetAmount":0,"_id":"586fbd53afe5f06e921acdf6"},{"event":"586fb8d81d904e6d0e6f588f","name":"Všeobecná pokladní správa","expenditureAmount":469903,"budgetAmount":73000,"_id":"586fbd53afe5f06e921acdf5"}]},{"id":"6320","expenditureAmount":244212,"budgetAmount":250000,"_id":"586fbd53afe5f06e921acdf2","events":[{"event":"586fb8d81d904e6d0e6f588f","name":"Všeobecná pokladní správa","expenditureAmount":244212,"budgetAmount":250000,"_id":"586fbd53afe5f06e921acdf3"}]},{"id":"6399","expenditureAmount":10774942,"budgetAmount":12489340,"_id":"586fbd53afe5f06e921acdee","events":[{"event":"586fb8cd1d904e6d0e6f57b3","name":"Ostatní","expenditureAmount":0,"budgetAmount":0,"_id":"586fbd53afe5f06e921acdf1"},{"event":"586fb8d81d904e6d0e6f585a","name":"Granty  + příspěvky","expenditureAmount":0,"budgetAmount":55000,"_id":"586fbd53afe5f06e921acdf0"},{"event":"586fb8d81d904e6d0e6f588f","name":"Všeobecná pokladní správa","expenditureAmount":10774942,"budgetAmount":12434340,"_id":"586fbd53afe5f06e921acdef"}]},{"id":"6402","expenditureAmount":0,"budgetAmount":0,"_id":"586fbd53afe5f06e921acdec","events":[{"event":"586fb8d81d904e6d0e6f588f","name":"Všeobecná pokladní správa","expenditureAmount":0,"budgetAmount":0,"_id":"586fbd53afe5f06e921acded"}]},{"id":"6409","expenditureAmount":611106,"budgetAmount":415065,"_id":"586fbd53afe5f06e921acde4","events":[{"event":"586fb8cd1d904e6d0e6f57b3","name":"Ostatní","expenditureAmount":141263,"budgetAmount":0,"_id":"586fbd53afe5f06e921acdeb"},{"event":"586fb8cd1d904e6d0e6f57ae","name":"Vnitřní správa","expenditureAmount":2856,"budgetAmount":0,"_id":"586fbd53afe5f06e921acdea"},{"event":"586fb8d81d904e6d0e6f58a8","name":"Sociální fond","expenditureAmount":103960,"budgetAmount":0,"_id":"586fbd53afe5f06e921acde9"},{"event":"586fb8d81d904e6d0e6f588f","name":"Všeobecná pokladní správa","expenditureAmount":238132,"budgetAmount":272000,"_id":"586fbd53afe5f06e921acde8"},{"event":"586fb8d81d904e6d0e6f58aa","name":"Zvyšování kvality MěÚ","expenditureAmount":6186,"budgetAmount":6186,"_id":"586fbd53afe5f06e921acde7"},{"event":"586fb8d81d904e6d0e6f58b3","name":"Výpočetní technika - vzdělávání v oblasti eGovernmentu","expenditureAmount":86879,"budgetAmount":86879,"_id":"586fbd53afe5f06e921acde6"},{"event":"586fb8d81d904e6d0e6f58b0","name":"Novoměstská karta","expenditureAmount":31830,"budgetAmount":50000,"_id":"586fbd53afe5f06e921acde5"}]}]}