{"_id":"59031133d3fadb2ea8c3a257","profile":{"_id":"58adb8d152583b43c4646f24","url":"brno","name":"Brno","entity":"582786"},"year":"2017","budgetAmount":0,"expenditureAmount":525845475.7699992,"incomeAmount":0,"__v":0,"paragraphs":[{"id":"6171","expenditureAmount":104622021.07999997,"budgetAmount":0,"_id":"59031133d3fadb2ea8c3a2e5","events":[{"event":"2030","expenditureAmount":80931869.63,"budgetAmount":0,"_id":"59031133d3fadb2ea8c3a2f1"},{"event":"2400","expenditureAmount":7215766.910000003,"budgetAmount":0,"_id":"59031133d3fadb2ea8c3a2f0"},{"event":"2500","expenditureAmount":5076,"budgetAmount":0,"_id":"59031133d3fadb2ea8c3a2ef"},{"event":"3400","expenditureAmount":4300389.600000001,"budgetAmount":0,"_id":"59031133d3fadb2ea8c3a2ee"},{"event":"3500","expenditureAmount":10450511.430000005,"budgetAmount":0,"_id":"59031133d3fadb2ea8c3a2ed"},{"event":"2000","expenditureAmount":791054.31,"budgetAmount":0,"_id":"59031133d3fadb2ea8c3a2ec"},{"event":"","expenditureAmount":0,"budgetAmount":0,"_id":"59031133d3fadb2ea8c3a2eb"},{"event":"1210","expenditureAmount":402599,"budgetAmount":0,"_id":"59031133d3fadb2ea8c3a2ea"},{"event":"2320","expenditureAmount":376490.2,"budgetAmount":0,"_id":"59031133d3fadb2ea8c3a2e9"},{"event":"2330","expenditureAmount":114118,"budgetAmount":0,"_id":"59031133d3fadb2ea8c3a2e8"},{"event":"2800","expenditureAmount":0,"budgetAmount":0,"_id":"59031133d3fadb2ea8c3a2e7"},{"event":"2900","expenditureAmount":34146,"budgetAmount":0,"_id":"59031133d3fadb2ea8c3a2e6"}]},{"id":"4351","expenditureAmount":14120338.920000007,"budgetAmount":0,"_id":"59031133d3fadb2ea8c3a2e0","events":[{"event":"2800","expenditureAmount":2597396.920000001,"budgetAmount":0,"_id":"59031133d3fadb2ea8c3a2e4"},{"event":"2030","expenditureAmount":11512942,"budgetAmount":0,"_id":"59031133d3fadb2ea8c3a2e3"},{"event":"2500","expenditureAmount":0,"budgetAmount":0,"_id":"59031133d3fadb2ea8c3a2e2"},{"event":"1210","expenditureAmount":10000,"budgetAmount":0,"_id":"59031133d3fadb2ea8c3a2e1"}]},{"id":"6330","expenditureAmount":61803123.65000001,"budgetAmount":0,"_id":"59031133d3fadb2ea8c3a2dd","events":[{"event":"2500","expenditureAmount":61103123.65000001,"budgetAmount":0,"_id":"59031133d3fadb2ea8c3a2df"},{"event":"","expenditureAmount":700000,"budgetAmount":0,"_id":"59031133d3fadb2ea8c3a2de"}]},{"id":"3612","expenditureAmount":43661932.91999999,"budgetAmount":0,"_id":"59031133d3fadb2ea8c3a2d9","events":[{"event":"2030","expenditureAmount":650664,"budgetAmount":0,"_id":"59031133d3fadb2ea8c3a2dc"},{"event":"2500","expenditureAmount":5411.149999999994,"budgetAmount":0,"_id":"59031133d3fadb2ea8c3a2db"},{"event":"3500","expenditureAmount":43005857.76999999,"budgetAmount":0,"_id":"59031133d3fadb2ea8c3a2da"}]},{"id":"6310","expenditureAmount":89757.33000000002,"budgetAmount":0,"_id":"59031133d3fadb2ea8c3a2d7","events":[{"event":"2500","expenditureAmount":89757.33000000002,"budgetAmount":0,"_id":"59031133d3fadb2ea8c3a2d8"}]},{"id":"6399","expenditureAmount":2134778,"budgetAmount":0,"_id":"59031133d3fadb2ea8c3a2d5","events":[{"event":"2500","expenditureAmount":2134778,"budgetAmount":0,"_id":"59031133d3fadb2ea8c3a2d6"}]},{"id":"6409","expenditureAmount":238630,"budgetAmount":0,"_id":"59031133d3fadb2ea8c3a2d2","events":[{"event":"2500","expenditureAmount":3270,"budgetAmount":0,"_id":"59031133d3fadb2ea8c3a2d4"},{"event":"2600","expenditureAmount":235360,"budgetAmount":0,"_id":"59031133d3fadb2ea8c3a2d3"}]},{"id":"4324","expenditureAmount":11065790.840000002,"budgetAmount":0,"_id":"59031133d3fadb2ea8c3a2cf","events":[{"event":"2800","expenditureAmount":637195.8400000001,"budgetAmount":0,"_id":"59031133d3fadb2ea8c3a2d1"},{"event":"2030","expenditureAmount":10428595,"budgetAmount":0,"_id":"59031133d3fadb2ea8c3a2d0"}]},{"id":"4356","expenditureAmount":739039.29,"budgetAmount":0,"_id":"59031133d3fadb2ea8c3a2cb","events":[{"event":"2800","expenditureAmount":303813.29,"budgetAmount":0,"_id":"59031133d3fadb2ea8c3a2ce"},{"event":"2030","expenditureAmount":425226,"budgetAmount":0,"_id":"59031133d3fadb2ea8c3a2cd"},{"event":"1210","expenditureAmount":10000,"budgetAmount":0,"_id":"59031133d3fadb2ea8c3a2cc"}]},{"id":"3745","expenditureAmount":38956388.00999998,"budgetAmount":0,"_id":"59031133d3fadb2ea8c3a2c9","events":[{"event":"3100","expenditureAmount":38956388.00999998,"budgetAmount":0,"_id":"59031133d3fadb2ea8c3a2ca"}]},{"id":"3632","expenditureAmount":153110.07000000004,"budgetAmount":0,"_id":"59031133d3fadb2ea8c3a2c7","events":[{"event":"2800","expenditureAmount":153110.07000000004,"budgetAmount":0,"_id":"59031133d3fadb2ea8c3a2c8"}]},{"id":"2212","expenditureAmount":34799635.32000001,"budgetAmount":0,"_id":"59031133d3fadb2ea8c3a2c5","events":[{"event":"3100","expenditureAmount":34799635.32000001,"budgetAmount":0,"_id":"59031133d3fadb2ea8c3a2c6"}]},{"id":"3113","expenditureAmount":65188587.88999998,"budgetAmount":0,"_id":"59031133d3fadb2ea8c3a2c2","events":[{"event":"2900","expenditureAmount":56294026.69999997,"budgetAmount":0,"_id":"59031133d3fadb2ea8c3a2c4"},{"event":"3500","expenditureAmount":8894561.190000001,"budgetAmount":0,"_id":"59031133d3fadb2ea8c3a2c3"}]},{"id":"2219","expenditureAmount":31403590.319999997,"budgetAmount":0,"_id":"59031133d3fadb2ea8c3a2bf","events":[{"event":"3100","expenditureAmount":19602421.319999993,"budgetAmount":0,"_id":"59031133d3fadb2ea8c3a2c1"},{"event":"2030","expenditureAmount":11801169,"budgetAmount":0,"_id":"59031133d3fadb2ea8c3a2c0"}]},{"id":"3319","expenditureAmount":796392,"budgetAmount":0,"_id":"59031133d3fadb2ea8c3a2bc","events":[{"event":"1210","expenditureAmount":242159,"budgetAmount":0,"_id":"59031133d3fadb2ea8c3a2be"},{"event":"3500","expenditureAmount":554233,"budgetAmount":0,"_id":"59031133d3fadb2ea8c3a2bd"}]},{"id":"2141","expenditureAmount":26724083.480000008,"budgetAmount":0,"_id":"59031133d3fadb2ea8c3a2b9","events":[{"event":"3500","expenditureAmount":26664837.62000001,"budgetAmount":0,"_id":"59031133d3fadb2ea8c3a2bb"},{"event":"1210","expenditureAmount":59245.86000000001,"budgetAmount":0,"_id":"59031133d3fadb2ea8c3a2ba"}]},{"id":"3326","expenditureAmount":30000,"budgetAmount":0,"_id":"59031133d3fadb2ea8c3a2b7","events":[{"event":"3100","expenditureAmount":30000,"budgetAmount":0,"_id":"59031133d3fadb2ea8c3a2b8"}]},{"id":"6117","expenditureAmount":0,"budgetAmount":0,"_id":"59031133d3fadb2ea8c3a2b5","events":[{"event":"2030","expenditureAmount":0,"budgetAmount":0,"_id":"59031133d3fadb2ea8c3a2b6"}]},{"id":"3639","expenditureAmount":537399.03,"budgetAmount":0,"_id":"59031133d3fadb2ea8c3a2b1","events":[{"event":"3200","expenditureAmount":73915,"budgetAmount":0,"_id":"59031133d3fadb2ea8c3a2b4"},{"event":"3500","expenditureAmount":168105,"budgetAmount":0,"_id":"59031133d3fadb2ea8c3a2b3"},{"event":"3100","expenditureAmount":295379.03,"budgetAmount":0,"_id":"59031133d3fadb2ea8c3a2b2"}]},{"id":"6115","expenditureAmount":2529080,"budgetAmount":0,"_id":"59031133d3fadb2ea8c3a2ad","events":[{"event":"2030","expenditureAmount":1417930.5,"budgetAmount":0,"_id":"59031133d3fadb2ea8c3a2b0"},{"event":"","expenditureAmount":0,"budgetAmount":0,"_id":"59031133d3fadb2ea8c3a2af"},{"event":"3500","expenditureAmount":1111149.5,"budgetAmount":0,"_id":"59031133d3fadb2ea8c3a2ae"}]},{"id":"3111","expenditureAmount":23898723.639999993,"budgetAmount":0,"_id":"59031133d3fadb2ea8c3a2aa","events":[{"event":"2900","expenditureAmount":23861323.639999993,"budgetAmount":0,"_id":"59031133d3fadb2ea8c3a2ac"},{"event":"1210","expenditureAmount":37400,"budgetAmount":0,"_id":"59031133d3fadb2ea8c3a2ab"}]},{"id":"3141","expenditureAmount":5900939.6899999995,"budgetAmount":0,"_id":"59031133d3fadb2ea8c3a2a8","events":[{"event":"2900","expenditureAmount":5900939.6899999995,"budgetAmount":0,"_id":"59031133d3fadb2ea8c3a2a9"}]},{"id":"3419","expenditureAmount":1325194,"budgetAmount":0,"_id":"59031133d3fadb2ea8c3a2a5","events":[{"event":"1210","expenditureAmount":1187500,"budgetAmount":0,"_id":"59031133d3fadb2ea8c3a2a7"},{"event":"2900","expenditureAmount":137694,"budgetAmount":0,"_id":"59031133d3fadb2ea8c3a2a6"}]},{"id":"6173","expenditureAmount":832101,"budgetAmount":0,"_id":"59031133d3fadb2ea8c3a2a1","events":[{"event":"","expenditureAmount":0,"budgetAmount":0,"_id":"59031133d3fadb2ea8c3a2a4"},{"event":"3500","expenditureAmount":240404.5,"budgetAmount":0,"_id":"59031133d3fadb2ea8c3a2a3"},{"event":"2030","expenditureAmount":591696.5,"budgetAmount":0,"_id":"59031133d3fadb2ea8c3a2a2"}]},{"id":"3311","expenditureAmount":43500,"budgetAmount":0,"_id":"59031133d3fadb2ea8c3a29f","events":[{"event":"1210","expenditureAmount":43500,"budgetAmount":0,"_id":"59031133d3fadb2ea8c3a2a0"}]},{"id":"3322","expenditureAmount":888146.63,"budgetAmount":0,"_id":"59031133d3fadb2ea8c3a29c","events":[{"event":"3100","expenditureAmount":140000,"budgetAmount":0,"_id":"59031133d3fadb2ea8c3a29e"},{"event":"3500","expenditureAmount":748146.63,"budgetAmount":0,"_id":"59031133d3fadb2ea8c3a29d"}]},{"id":"3636","expenditureAmount":1968597.09,"budgetAmount":0,"_id":"59031133d3fadb2ea8c3a299","events":[{"event":"2100","expenditureAmount":1960945.09,"budgetAmount":0,"_id":"59031133d3fadb2ea8c3a29b"},{"event":"1630","expenditureAmount":7652,"budgetAmount":0,"_id":"59031133d3fadb2ea8c3a29a"}]},{"id":"6112","expenditureAmount":13406108,"budgetAmount":0,"_id":"59031133d3fadb2ea8c3a297","events":[{"event":"2030","expenditureAmount":13406108,"budgetAmount":0,"_id":"59031133d3fadb2ea8c3a298"}]},{"id":"3429","expenditureAmount":282283.34,"budgetAmount":0,"_id":"59031133d3fadb2ea8c3a294","events":[{"event":"2800","expenditureAmount":114783.34000000001,"budgetAmount":0,"_id":"59031133d3fadb2ea8c3a296"},{"event":"1210","expenditureAmount":167500,"budgetAmount":0,"_id":"59031133d3fadb2ea8c3a295"}]},{"id":"3722","expenditureAmount":6596116.88,"budgetAmount":0,"_id":"59031133d3fadb2ea8c3a292","events":[{"event":"3100","expenditureAmount":6596116.88,"budgetAmount":0,"_id":"59031133d3fadb2ea8c3a293"}]},{"id":"3749","expenditureAmount":502254.69999999995,"budgetAmount":0,"_id":"59031133d3fadb2ea8c3a290","events":[{"event":"3100","expenditureAmount":502254.69999999995,"budgetAmount":0,"_id":"59031133d3fadb2ea8c3a291"}]},{"id":"3729","expenditureAmount":99998.7,"budgetAmount":0,"_id":"59031133d3fadb2ea8c3a28e","events":[{"event":"3100","expenditureAmount":99998.7,"budgetAmount":0,"_id":"59031133d3fadb2ea8c3a28f"}]},{"id":"3399","expenditureAmount":318457.7,"budgetAmount":0,"_id":"59031133d3fadb2ea8c3a28b","events":[{"event":"1210","expenditureAmount":185332.7,"budgetAmount":0,"_id":"59031133d3fadb2ea8c3a28d"},{"event":"2800","expenditureAmount":133125,"budgetAmount":0,"_id":"59031133d3fadb2ea8c3a28c"}]},{"id":"2229","expenditureAmount":140566.09999999998,"budgetAmount":0,"_id":"59031133d3fadb2ea8c3a288","events":[{"event":"2600","expenditureAmount":43306.1,"budgetAmount":0,"_id":"59031133d3fadb2ea8c3a28a"},{"event":"3410","expenditureAmount":97260,"budgetAmount":0,"_id":"59031133d3fadb2ea8c3a289"}]},{"id":"5519","expenditureAmount":159089,"budgetAmount":0,"_id":"59031133d3fadb2ea8c3a286","events":[{"event":"3500","expenditureAmount":159089,"budgetAmount":0,"_id":"59031133d3fadb2ea8c3a287"}]},{"id":"3392","expenditureAmount":14712000,"budgetAmount":0,"_id":"59031133d3fadb2ea8c3a284","events":[{"event":"2900","expenditureAmount":14712000,"budgetAmount":0,"_id":"59031133d3fadb2ea8c3a285"}]},{"id":"3412","expenditureAmount":11349796.59,"budgetAmount":0,"_id":"59031133d3fadb2ea8c3a282","events":[{"event":"2900","expenditureAmount":11349796.59,"budgetAmount":0,"_id":"59031133d3fadb2ea8c3a283"}]},{"id":"5511","expenditureAmount":50000,"budgetAmount":0,"_id":"59031133d3fadb2ea8c3a280","events":[{"event":"1210","expenditureAmount":50000,"budgetAmount":0,"_id":"59031133d3fadb2ea8c3a281"}]},{"id":"5319","expenditureAmount":19740.559999999998,"budgetAmount":0,"_id":"59031133d3fadb2ea8c3a27e","events":[{"event":"1210","expenditureAmount":19740.559999999998,"budgetAmount":0,"_id":"59031133d3fadb2ea8c3a27f"}]},{"id":"3312","expenditureAmount":80000,"budgetAmount":0,"_id":"59031133d3fadb2ea8c3a27c","events":[{"event":"1210","expenditureAmount":80000,"budgetAmount":0,"_id":"59031133d3fadb2ea8c3a27d"}]},{"id":"6320","expenditureAmount":352225,"budgetAmount":0,"_id":"59031133d3fadb2ea8c3a27a","events":[{"event":"2900","expenditureAmount":352225,"budgetAmount":0,"_id":"59031133d3fadb2ea8c3a27b"}]},{"id":"3317","expenditureAmount":15000,"budgetAmount":0,"_id":"59031133d3fadb2ea8c3a278","events":[{"event":"1210","expenditureAmount":15000,"budgetAmount":0,"_id":"59031133d3fadb2ea8c3a279"}]},{"id":"3421","expenditureAmount":1157500,"budgetAmount":0,"_id":"59031133d3fadb2ea8c3a276","events":[{"event":"1210","expenditureAmount":1157500,"budgetAmount":0,"_id":"59031133d3fadb2ea8c3a277"}]},{"id":"4359","expenditureAmount":80670,"budgetAmount":0,"_id":"59031133d3fadb2ea8c3a274","events":[{"event":"1210","expenditureAmount":80670,"budgetAmount":0,"_id":"59031133d3fadb2ea8c3a275"}]},{"id":"4375","expenditureAmount":10000,"budgetAmount":0,"_id":"59031133d3fadb2ea8c3a272","events":[{"event":"1210","expenditureAmount":10000,"budgetAmount":0,"_id":"59031133d3fadb2ea8c3a273"}]},{"id":"1014","expenditureAmount":90000,"budgetAmount":0,"_id":"59031133d3fadb2ea8c3a270","events":[{"event":"3100","expenditureAmount":90000,"budgetAmount":0,"_id":"59031133d3fadb2ea8c3a271"}]},{"id":"3314","expenditureAmount":20000,"budgetAmount":0,"_id":"59031133d3fadb2ea8c3a26e","events":[{"event":"1210","expenditureAmount":20000,"budgetAmount":0,"_id":"59031133d3fadb2ea8c3a26f"}]},{"id":"4357","expenditureAmount":28000,"budgetAmount":0,"_id":"59031133d3fadb2ea8c3a26c","events":[{"event":"1210","expenditureAmount":28000,"budgetAmount":0,"_id":"59031133d3fadb2ea8c3a26d"}]},{"id":"3349","expenditureAmount":1703889,"budgetAmount":0,"_id":"59031133d3fadb2ea8c3a26a","events":[{"event":"1210","expenditureAmount":1703889,"budgetAmount":0,"_id":"59031133d3fadb2ea8c3a26b"}]},{"id":"3299","expenditureAmount":5000,"budgetAmount":0,"_id":"59031133d3fadb2ea8c3a268","events":[{"event":"1210","expenditureAmount":5000,"budgetAmount":0,"_id":"59031133d3fadb2ea8c3a269"}]},{"id":"4339","expenditureAmount":21000,"budgetAmount":0,"_id":"59031133d3fadb2ea8c3a266","events":[{"event":"1210","expenditureAmount":21000,"budgetAmount":0,"_id":"59031133d3fadb2ea8c3a267"}]},{"id":"4350","expenditureAmount":28000,"budgetAmount":0,"_id":"59031133d3fadb2ea8c3a264","events":[{"event":"1210","expenditureAmount":28000,"budgetAmount":0,"_id":"59031133d3fadb2ea8c3a265"}]},{"id":"4379","expenditureAmount":20000,"budgetAmount":0,"_id":"59031133d3fadb2ea8c3a262","events":[{"event":"1210","expenditureAmount":20000,"budgetAmount":0,"_id":"59031133d3fadb2ea8c3a263"}]},{"id":"3119","expenditureAmount":20000,"budgetAmount":0,"_id":"59031133d3fadb2ea8c3a260","events":[{"event":"1210","expenditureAmount":20000,"budgetAmount":0,"_id":"59031133d3fadb2ea8c3a261"}]},{"id":"3543","expenditureAmount":15000,"budgetAmount":0,"_id":"59031133d3fadb2ea8c3a25e","events":[{"event":"1210","expenditureAmount":15000,"budgetAmount":0,"_id":"59031133d3fadb2ea8c3a25f"}]},{"id":"4341","expenditureAmount":100000,"budgetAmount":0,"_id":"59031133d3fadb2ea8c3a25c","events":[{"event":"2000","expenditureAmount":100000,"budgetAmount":0,"_id":"59031133d3fadb2ea8c3a25d"}]},{"id":"5273","expenditureAmount":6900,"budgetAmount":0,"_id":"59031133d3fadb2ea8c3a25a","events":[{"event":"1210","expenditureAmount":6900,"budgetAmount":0,"_id":"59031133d3fadb2ea8c3a25b"}]},{"id":"3313","expenditureAmount":5000,"budgetAmount":0,"_id":"59031133d3fadb2ea8c3a258","events":[{"event":"1210","expenditureAmount":5000,"budgetAmount":0,"_id":"59031133d3fadb2ea8c3a259"}]}]}